{
  "last_node_id": 37,
  "last_link_id": 147,
  "nodes": [
    {
      "id": 7,
      "type": "CLIPTextEncode",
      "pos": [
        430,
        440
      ],
      "size": {
        "0": 370,
        "1": 160
      },
      "flags": {},
      "order": 3,
      "mode": 0,
      "inputs": [
        {
          "name": "clip",
          "type": "CLIP",
          "link": 5
        }
      ],
      "outputs": [
        {
          "name": "CONDITIONING",
          "type": "CONDITIONING",
          "links": [
            6,
            133
          ],
          "slot_index": 0
        }
      ],
      "title": "CLIP Text Encode (Negative)",
      "properties": {
        "Node name for S&R": "CLIPTextEncode"
      },
      "widgets_values": [
        "blurry, illustration, distorted, cropped"
      ],
      "color": "#322",
      "bgcolor": "#533"
    },
    {
      "id": 8,
      "type": "VAEDecode",
      "pos": [
        1230,
        360
      ],
      "size": {
        "0": 140,
        "1": 50
      },
      "flags": {},
      "order": 10,
      "mode": 0,
      "inputs": [
        {
          "name": "samples",
          "type": "LATENT",
          "link": 7
        },
        {
          "name": "vae",
          "type": "VAE",
          "link": 12
        }
      ],
      "outputs": [
        {
          "name": "IMAGE",
          "type": "IMAGE",
          "links": [
            137
          ],
          "slot_index": 0
        }
      ],
      "properties": {
        "Node name for S&R": "VAEDecode"
      }
    },
    {
      "id": 33,
      "type": "PreviewImage",
      "pos": [
        1510,
        120
      ],
      "size": {
        "0": 337.63055419921875,
        "1": 256.656494140625
      },
      "flags": {},
      "order": 12,
      "mode": 0,
      "inputs": [
        {
          "name": "images",
          "type": "IMAGE",
          "link": 137
        }
      ],
      "properties": {
        "Node name for S&R": "PreviewImage"
      }
    },
    {
      "id": 31,
      "type": "VAEDecode",
      "pos": [
        1820,
        460
      ],
      "size": {
        "0": 140,
        "1": 50
      },
      "flags": {},
      "order": 13,
      "mode": 0,
      "inputs": [
        {
          "name": "samples",
          "type": "LATENT",
          "link": 135
        },
        {
          "name": "vae",
          "type": "VAE",
          "link": 138
        }
      ],
      "outputs": [
        {
          "name": "IMAGE",
          "type": "IMAGE",
          "links": [
            136
          ],
          "shape": 3,
          "slot_index": 0
        }
      ],
      "properties": {
        "Node name for S&R": "VAEDecode"
      }
    },
    {
      "id": 32,
      "type": "SaveImage",
      "pos": [
        2000,
        460
      ],
      "size": {
        "0": 580.8960571289062,
        "1": 438.25445556640625
      },
      "flags": {},
      "order": 14,
      "mode": 0,
      "inputs": [
        {
          "name": "images",
          "type": "IMAGE",
          "link": 136
        }
      ],
      "properties": {},
      "widgets_values": [
        "ComfyUI"
      ]
    },
    {
      "id": 18,
      "type": "CLIPTextEncode",
      "pos": [
        430,
        240
      ],
      "size": {
        "0": 370,
        "1": 140
      },
      "flags": {},
      "order": 5,
      "mode": 0,
      "inputs": [
        {
          "name": "clip",
          "type": "CLIP",
          "link": 25
        }
      ],
      "outputs": [
        {
          "name": "CONDITIONING",
          "type": "CONDITIONING",
          "links": [
            145
          ],
          "slot_index": 0
        }
      ],
      "title": "CLIP Text Encode (Positive)",
      "properties": {
        "Node name for S&R": "CLIPTextEncode"
      },
      "widgets_values": [
        "a photo of a Caribbean beach\n\nhigh resolution, high quality, detailed, 4k"
      ],
      "color": "#232",
      "bgcolor": "#353"
    },
    {
      "id": 26,
      "type": "ConditioningCombine",
      "pos": [
        1110,
        120
      ],
      "size": [
        230,
        50
      ],
      "flags": {},
      "order": 8,
      "mode": 0,
      "inputs": [
        {
          "name": "conditioning_1",
          "type": "CONDITIONING",
          "link": 126
        },
        {
          "name": "conditioning_2",
          "type": "CONDITIONING",
          "link": 146
        }
      ],
      "outputs": [
        {
          "name": "CONDITIONING",
          "type": "CONDITIONING",
          "links": [
            129
          ],
          "shape": 3,
          "slot_index": 0
        }
      ],
      "properties": {
        "Node name for S&R": "ConditioningCombine"
      },
      "color": "#432",
      "bgcolor": "#653"
    },
    {
      "id": 4,
      "type": "CheckpointLoaderSimple",
      "pos": [
        30,
        360
      ],
      "size": {
        "0": 330,
        "1": 100
      },
      "flags": {},
      "order": 0,
      "mode": 0,
      "outputs": [
        {
          "name": "MODEL",
          "type": "MODEL",
          "links": [
            1,
            134
          ],
          "slot_index": 0
        },
        {
          "name": "CLIP",
          "type": "CLIP",
          "links": [
            5,
            16,
            25
          ],
          "slot_index": 1
        },
        {
          "name": "VAE",
          "type": "VAE",
          "links": [],
          "slot_index": 2
        }
      ],
      "properties": {
        "Node name for S&R": "CheckpointLoaderSimple"
      },
      "widgets_values": [
        "v15/absolutereality_v181.safetensors"
      ]
    },
    {
      "id": 5,
      "type": "EmptyLatentImage",
      "pos": [
        580,
        660
      ],
      "size": {
        "0": 220,
        "1": 106
      },
      "flags": {},
      "order": 1,
      "mode": 0,
      "outputs": [
        {
          "name": "LATENT",
          "type": "LATENT",
          "links": [
            2
          ],
          "slot_index": 0
        }
      ],
      "properties": {
        "Node name for S&R": "EmptyLatentImage"
      },
      "widgets_values": [
        960,
        512,
        1
      ]
    },
    {
      "id": 25,
      "type": "ConditioningSetArea",
      "pos": [
        851,
        -61
      ],
      "size": {
        "0": 211.60000610351562,
        "1": 154
      },
      "flags": {},
      "order": 6,
      "mode": 0,
      "inputs": [
        {
          "name": "conditioning",
          "type": "CONDITIONING",
          "link": 109
        }
      ],
      "outputs": [
        {
          "name": "CONDITIONING",
          "type": "CONDITIONING",
          "links": [
            126
          ],
          "shape": 3,
          "slot_index": 0
        }
      ],
      "properties": {
        "Node name for S&R": "ConditioningSetArea"
      },
      "widgets_values": [
        512,
        512,
        448,
        0,
        1
      ],
      "color": "#432",
      "bgcolor": "#653"
    },
    {
      "id": 37,
      "type": "ConditioningSetArea",
      "pos": [
        854,
        148
      ],
      "size": {
        "0": 211.60000610351562,
        "1": 154
      },
      "flags": {},
      "order": 7,
      "mode": 0,
      "inputs": [
        {
          "name": "conditioning",
          "type": "CONDITIONING",
          "link": 145
        }
      ],
      "outputs": [
        {
          "name": "CONDITIONING",
          "type": "CONDITIONING",
          "links": [
            146
          ],
          "shape": 3,
          "slot_index": 0
        }
      ],
      "properties": {
        "Node name for S&R": "ConditioningSetArea"
      },
      "widgets_values": [
        640,
        512,
        0,
        0,
        1
      ],
      "color": "#432",
      "bgcolor": "#653"
    },
    {
      "id": 11,
      "type": "VAELoader",
      "pos": [
        880,
        670
      ],
      "size": {
        "0": 300,
        "1": 60
      },
      "flags": {},
      "order": 2,
      "mode": 0,
      "outputs": [
        {
          "name": "VAE",
          "type": "VAE",
          "links": [
            12,
            138
          ],
          "shape": 3,
          "slot_index": 0
        }
      ],
      "properties": {
        "Node name for S&R": "VAELoader"
      },
      "widgets_values": [
        "vae-ft-mse-840000-ema-pruned.safetensors"
      ]
    },
    {
      "id": 30,
      "type": "KSampler",
      "pos": [
        1510,
        460
      ],
      "size": {
        "0": 270,
        "1": 262
      },
      "flags": {},
      "order": 11,
      "mode": 0,
      "inputs": [
        {
          "name": "model",
          "type": "MODEL",
          "link": 134
        },
        {
          "name": "positive",
          "type": "CONDITIONING",
          "link": 147
        },
        {
          "name": "negative",
          "type": "CONDITIONING",
          "link": 133
        },
        {
          "name": "latent_image",
          "type": "LATENT",
          "link": 143
        }
      ],
      "outputs": [
        {
          "name": "LATENT",
          "type": "LATENT",
          "links": [
            135
          ],
          "shape": 3,
          "slot_index": 0
        }
      ],
      "properties": {
        "Node name for S&R": "KSampler"
      },
      "widgets_values": [
        10,
        "fixed",
        15,
        8,
        "dpmpp_2m",
        "karras",
        0.35000000000000003
      ]
    },
    {
      "id": 3,
      "type": "KSampler",
      "pos": [
        880,
        360
      ],
      "size": {
        "0": 300,
        "1": 262
      },
      "flags": {},
      "order": 9,
      "mode": 0,
      "inputs": [
        {
          "name": "model",
          "type": "MODEL",
          "link": 1
        },
        {
          "name": "positive",
          "type": "CONDITIONING",
          "link": 129
        },
        {
          "name": "negative",
          "type": "CONDITIONING",
          "link": 6
        },
        {
          "name": "latent_image",
          "type": "LATENT",
          "link": 2
        }
      ],
      "outputs": [
        {
          "name": "LATENT",
          "type": "LATENT",
          "links": [
            7,
            143
          ],
          "slot_index": 0
        }
      ],
      "properties": {
        "Node name for S&R": "KSampler"
      },
      "widgets_values": [
        243,
        "fixed",
        18,
        6,
        "ddpm",
        "karras",
        1
      ]
    },
    {
      "id": 17,
      "type": "CLIPTextEncode",
      "pos": [
        433,
        47
      ],
      "size": {
        "0": 370,
        "1": 140
      },
      "flags": {},
      "order": 4,
      "mode": 0,
      "inputs": [
        {
          "name": "clip",
          "type": "CLIP",
          "link": 16
        }
      ],
      "outputs": [
        {
          "name": "CONDITIONING",
          "type": "CONDITIONING",
          "links": [
            109,
            147
          ],
          "slot_index": 0
        }
      ],
      "title": "CLIP Text Encode (Positive)",
      "properties": {
        "Node name for S&R": "CLIPTextEncode"
      },
      "widgets_values": [
        "Godzilla raising from the waters of a Caribbean beach\n\nhigh resolution, high quality, detailed, 4k"
      ],
      "color": "#232",
      "bgcolor": "#353"
    }
  ],
  "links": [
    [
      1,
      4,
      0,
      3,
      0,
      "MODEL"
    ],
    [
      2,
      5,
      0,
      3,
      3,
      "LATENT"
    ],
    [
      5,
      4,
      1,
      7,
      0,
      "CLIP"
    ],
    [
      6,
      7,
      0,
      3,
      2,
      "CONDITIONING"
    ],
    [
      7,
      3,
      0,
      8,
      0,
      "LATENT"
    ],
    [
      12,
      11,
      0,
      8,
      1,
      "VAE"
    ],
    [
      16,
      4,
      1,
      17,
      0,
      "CLIP"
    ],
    [
      25,
      4,
      1,
      18,
      0,
      "CLIP"
    ],
    [
      109,
      17,
      0,
      25,
      0,
      "CONDITIONING"
    ],
    [
      126,
      25,
      0,
      26,
      0,
      "CONDITIONING"
    ],
    [
      129,
      26,
      0,
      3,
      1,
      "CONDITIONING"
    ],
    [
      133,
      7,
      0,
      30,
      2,
      "CONDITIONING"
    ],
    [
      134,
      4,
      0,
      30,
      0,
      "MODEL"
    ],
    [
      135,
      30,
      0,
      31,
      0,
      "LATENT"
    ],
    [
      136,
      31,
      0,
      32,
      0,
      "IMAGE"
    ],
    [
      137,
      8,
      0,
      33,
      0,
      "IMAGE"
    ],
    [
      138,
      11,
      0,
      31,
      1,
      "VAE"
    ],
    [
      143,
      3,
      0,
      30,
      3,
      "LATENT"
    ],
    [
      145,
      18,
      0,
      37,
      0,
      "CONDITIONING"
    ],
    [
      146,
      37,
      0,
      26,
      1,
      "CONDITIONING"
    ],
    [
      147,
      17,
      0,
      30,
      1,
      "CONDITIONING"
    ]
  ],
  "groups": [],
  "config": {},
  "extra": {},
  "version": 0.4
}