{
  "last_node_id": 28,
  "last_link_id": 47,
  "nodes": [
    {
      "id": 7,
      "type": "CLIPTextEncode",
      "pos": [
        430,
        270
      ],
      "size": {
        "0": 370,
        "1": 160
      },
      "flags": {},
      "order": 7,
      "mode": 0,
      "inputs": [
        {
          "name": "clip",
          "type": "CLIP",
          "link": 5
        }
      ],
      "outputs": [
        {
          "name": "CONDITIONING",
          "type": "CONDITIONING",
          "links": [
            6
          ],
          "slot_index": 0
        }
      ],
      "title": "CLIP Text Encode (Negative)",
      "properties": {
        "Node name for S&R": "CLIPTextEncode"
      },
      "widgets_values": [
        "blurry, painting, drawing, photography, distorted, horror"
      ],
      "color": "#322",
      "bgcolor": "#533"
    },
    {
      "id": 5,
      "type": "EmptyLatentImage",
      "pos": [
        580,
        490
      ],
      "size": {
        "0": 220,
        "1": 106
      },
      "flags": {},
      "order": 0,
      "mode": 0,
      "outputs": [
        {
          "name": "LATENT",
          "type": "LATENT",
          "links": [
            2
          ],
          "slot_index": 0
        }
      ],
      "properties": {
        "Node name for S&R": "EmptyLatentImage"
      },
      "widgets_values": [
        512,
        512,
        1
      ]
    },
    {
      "id": 6,
      "type": "CLIPTextEncode",
      "pos": [
        430,
        50
      ],
      "size": {
        "0": 370,
        "1": 160
      },
      "flags": {},
      "order": 6,
      "mode": 0,
      "inputs": [
        {
          "name": "clip",
          "type": "CLIP",
          "link": 3
        }
      ],
      "outputs": [
        {
          "name": "CONDITIONING",
          "type": "CONDITIONING",
          "links": [
            16
          ],
          "slot_index": 0
        }
      ],
      "title": "CLIP Text Encode (Positive)",
      "properties": {
        "Node name for S&R": "CLIPTextEncode"
      },
      "widgets_values": [
        "masterpiece detailed illustration of a sci-fi battle robot dancing on the street of on an alien planet"
      ],
      "color": "#232",
      "bgcolor": "#353"
    },
    {
      "id": 9,
      "type": "SaveImage",
      "pos": [
        1400,
        180
      ],
      "size": {
        "0": 410,
        "1": 460
      },
      "flags": {},
      "order": 13,
      "mode": 0,
      "inputs": [
        {
          "name": "images",
          "type": "IMAGE",
          "link": 9
        }
      ],
      "properties": {},
      "widgets_values": [
        "Result"
      ]
    },
    {
      "id": 16,
      "type": "ControlNetApply",
      "pos": [
        880,
        610
      ],
      "size": {
        "0": 211.60000610351562,
        "1": 100
      },
      "flags": {},
      "order": 10,
      "mode": 0,
      "inputs": [
        {
          "name": "conditioning",
          "type": "CONDITIONING",
          "link": 16
        },
        {
          "name": "control_net",
          "type": "CONTROL_NET",
          "link": 15
        },
        {
          "name": "image",
          "type": "IMAGE",
          "link": 43
        }
      ],
      "outputs": [
        {
          "name": "CONDITIONING",
          "type": "CONDITIONING",
          "links": [
            17
          ],
          "shape": 3,
          "slot_index": 0
        }
      ],
      "properties": {
        "Node name for S&R": "ControlNetApply"
      },
      "widgets_values": [
        0.8999999999999999
      ]
    },
    {
      "id": 17,
      "type": "PreviewImage",
      "pos": [
        920,
        940
      ],
      "size": {
        "0": 204.3481903076172,
        "1": 246
      },
      "flags": {},
      "order": 9,
      "mode": 0,
      "inputs": [
        {
          "name": "images",
          "type": "IMAGE",
          "link": 47
        }
      ],
      "properties": {
        "Node name for S&R": "PreviewImage"
      }
    },
    {
      "id": 24,
      "type": "ImageScale",
      "pos": [
        920,
        770
      ],
      "size": {
        "0": 210,
        "1": 130
      },
      "flags": {},
      "order": 8,
      "mode": 0,
      "inputs": [
        {
          "name": "image",
          "type": "IMAGE",
          "link": 46
        }
      ],
      "outputs": [
        {
          "name": "IMAGE",
          "type": "IMAGE",
          "links": [
            43
          ],
          "shape": 3,
          "slot_index": 0
        }
      ],
      "properties": {
        "Node name for S&R": "ImageScale"
      },
      "widgets_values": [
        "nearest-exact",
        512,
        512,
        "disabled"
      ]
    },
    {
      "id": 8,
      "type": "VAEDecode",
      "pos": [
        1220,
        180
      ],
      "size": {
        "0": 140,
        "1": 60
      },
      "flags": {},
      "order": 12,
      "mode": 0,
      "inputs": [
        {
          "name": "samples",
          "type": "LATENT",
          "link": 7
        },
        {
          "name": "vae",
          "type": "VAE",
          "link": 12
        }
      ],
      "outputs": [
        {
          "name": "IMAGE",
          "type": "IMAGE",
          "links": [
            9
          ],
          "slot_index": 0
        }
      ],
      "properties": {
        "Node name for S&R": "VAEDecode"
      }
    },
    {
      "id": 11,
      "type": "VAELoader",
      "pos": [
        880,
        490
      ],
      "size": {
        "0": 300,
        "1": 60
      },
      "flags": {},
      "order": 2,
      "mode": 0,
      "outputs": [
        {
          "name": "VAE",
          "type": "VAE",
          "links": [
            12
          ],
          "shape": 3,
          "slot_index": 0
        }
      ],
      "properties": {
        "Node name for S&R": "VAELoader"
      },
      "widgets_values": [
        "vae-ft-mse-840000-ema-pruned.safetensors"
      ]
    },
    {
      "id": 12,
      "type": "LoadImage",
      "pos": [
        430,
        770
      ],
      "size": {
        "0": 210,
        "1": 314
      },
      "flags": {},
      "order": 3,
      "mode": 0,
      "outputs": [
        {
          "name": "IMAGE",
          "type": "IMAGE",
          "links": [
            45
          ],
          "shape": 3,
          "slot_index": 0
        },
        {
          "name": "MASK",
          "type": "MASK",
          "links": null,
          "shape": 3
        }
      ],
      "properties": {
        "Node name for S&R": "LoadImage"
      },
      "widgets_values": [
        "cwf_dance.jpg",
        "image"
      ]
    },
    {
      "id": 28,
      "type": "DWPreprocessor",
      "pos": [
        670,
        770
      ],
      "size": [
        210,
        130
      ],
      "flags": {},
      "order": 5,
      "mode": 0,
      "inputs": [
        {
          "name": "image",
          "type": "IMAGE",
          "link": 45
        }
      ],
      "outputs": [
        {
          "name": "IMAGE",
          "type": "IMAGE",
          "links": [
            46,
            47
          ],
          "shape": 3,
          "slot_index": 0
        }
      ],
      "properties": {
        "Node name for S&R": "DWPreprocessor"
      },
      "widgets_values": [
        "disable",
        "enable",
        "disable",
        512
      ]
    },
    {
      "id": 4,
      "type": "CheckpointLoaderSimple",
      "pos": [
        20,
        190
      ],
      "size": {
        "0": 340,
        "1": 100
      },
      "flags": {},
      "order": 4,
      "mode": 0,
      "outputs": [
        {
          "name": "MODEL",
          "type": "MODEL",
          "links": [
            1
          ],
          "slot_index": 0
        },
        {
          "name": "CLIP",
          "type": "CLIP",
          "links": [
            3,
            5
          ],
          "slot_index": 1
        },
        {
          "name": "VAE",
          "type": "VAE",
          "links": [],
          "slot_index": 2
        }
      ],
      "properties": {
        "Node name for S&R": "CheckpointLoaderSimple"
      },
      "widgets_values": [
        "v15/dreamshaper_8.safetensors"
      ]
    },
    {
      "id": 3,
      "type": "KSampler",
      "pos": [
        880,
        180
      ],
      "size": {
        "0": 300,
        "1": 262
      },
      "flags": {},
      "order": 11,
      "mode": 0,
      "inputs": [
        {
          "name": "model",
          "type": "MODEL",
          "link": 1
        },
        {
          "name": "positive",
          "type": "CONDITIONING",
          "link": 17
        },
        {
          "name": "negative",
          "type": "CONDITIONING",
          "link": 6
        },
        {
          "name": "latent_image",
          "type": "LATENT",
          "link": 2
        }
      ],
      "outputs": [
        {
          "name": "LATENT",
          "type": "LATENT",
          "links": [
            7
          ],
          "slot_index": 0
        }
      ],
      "properties": {
        "Node name for S&R": "KSampler"
      },
      "widgets_values": [
        45,
        "fixed",
        20,
        7,
        "dpmpp_2m",
        "karras",
        1
      ]
    },
    {
      "id": 14,
      "type": "ControlNetLoader",
      "pos": [
        530,
        640
      ],
      "size": {
        "0": 270,
        "1": 60
      },
      "flags": {},
      "order": 1,
      "mode": 0,
      "outputs": [
        {
          "name": "CONTROL_NET",
          "type": "CONTROL_NET",
          "links": [
            15
          ],
          "shape": 3,
          "slot_index": 0
        }
      ],
      "properties": {
        "Node name for S&R": "ControlNetLoader"
      },
      "widgets_values": [
        "control_v11p_sd15_openpose_fp16.safetensors"
      ]
    }
  ],
  "links": [
    [
      1,
      4,
      0,
      3,
      0,
      "MODEL"
    ],
    [
      2,
      5,
      0,
      3,
      3,
      "LATENT"
    ],
    [
      3,
      4,
      1,
      6,
      0,
      "CLIP"
    ],
    [
      5,
      4,
      1,
      7,
      0,
      "CLIP"
    ],
    [
      6,
      7,
      0,
      3,
      2,
      "CONDITIONING"
    ],
    [
      7,
      3,
      0,
      8,
      0,
      "LATENT"
    ],
    [
      9,
      8,
      0,
      9,
      0,
      "IMAGE"
    ],
    [
      12,
      11,
      0,
      8,
      1,
      "VAE"
    ],
    [
      15,
      14,
      0,
      16,
      1,
      "CONTROL_NET"
    ],
    [
      16,
      6,
      0,
      16,
      0,
      "CONDITIONING"
    ],
    [
      17,
      16,
      0,
      3,
      1,
      "CONDITIONING"
    ],
    [
      43,
      24,
      0,
      16,
      2,
      "IMAGE"
    ],
    [
      45,
      12,
      0,
      28,
      0,
      "IMAGE"
    ],
    [
      46,
      28,
      0,
      24,
      0,
      "IMAGE"
    ],
    [
      47,
      28,
      0,
      17,
      0,
      "IMAGE"
    ]
  ],
  "groups": [],
  "config": {},
  "extra": {},
  "version": 0.4
}