{
  "last_node_id": 125,
  "last_link_id": 220,
  "nodes": [
    {
      "id": 7,
      "type": "CLIPTextEncode",
      "pos": [
        130,
        390
      ],
      "size": {
        "0": 230,
        "1": 120
      },
      "flags": {},
      "order": 8,
      "mode": 0,
      "inputs": [
        {
          "name": "clip",
          "type": "CLIP",
          "link": 5
        }
      ],
      "outputs": [
        {
          "name": "CONDITIONING",
          "type": "CONDITIONING",
          "links": [
            106
          ],
          "slot_index": 0
        }
      ],
      "title": "CLIP Text Encode (Negative)",
      "properties": {
        "Node name for S&R": "CLIPTextEncode"
      },
      "widgets_values": [
        "blurry, illustration, naked, horror, distorted, wrong hands"
      ],
      "color": "#322",
      "bgcolor": "#533"
    },
    {
      "id": 68,
      "type": "Reroute",
      "pos": [
        430,
        520
      ],
      "size": [
        75,
        26
      ],
      "flags": {},
      "order": 6,
      "mode": 0,
      "inputs": [
        {
          "name": "",
          "type": "*",
          "link": 205
        }
      ],
      "outputs": [
        {
          "name": "",
          "type": "MODEL",
          "links": [
            113,
            204
          ],
          "slot_index": 0
        }
      ],
      "properties": {
        "showOutputText": false,
        "horizontal": false
      },
      "color": "#223",
      "bgcolor": "#335"
    },
    {
      "id": 5,
      "type": "EmptyLatentImage",
      "pos": [
        150,
        590
      ],
      "size": {
        "0": 210,
        "1": 110
      },
      "flags": {},
      "order": 0,
      "mode": 0,
      "outputs": [
        {
          "name": "LATENT",
          "type": "LATENT",
          "links": [
            2
          ],
          "slot_index": 0
        }
      ],
      "properties": {
        "Node name for S&R": "EmptyLatentImage"
      },
      "widgets_values": [
        768,
        512,
        1
      ]
    },
    {
      "id": 65,
      "type": "Reroute",
      "pos": [
        800,
        640
      ],
      "size": [
        75,
        26
      ],
      "flags": {},
      "order": 9,
      "mode": 0,
      "inputs": [
        {
          "name": "",
          "type": "*",
          "link": 114
        }
      ],
      "outputs": [
        {
          "name": "",
          "type": "VAE",
          "links": [
            101,
            160,
            173,
            207,
            210
          ],
          "slot_index": 0
        }
      ],
      "properties": {
        "showOutputText": false,
        "horizontal": false
      },
      "color": "#322",
      "bgcolor": "#533"
    },
    {
      "id": 118,
      "type": "VAEDecode",
      "pos": [
        2370,
        420
      ],
      "size": [
        140,
        50
      ],
      "flags": {},
      "order": 21,
      "mode": 0,
      "inputs": [
        {
          "name": "samples",
          "type": "LATENT",
          "link": 206
        },
        {
          "name": "vae",
          "type": "VAE",
          "link": 207
        }
      ],
      "outputs": [
        {
          "name": "IMAGE",
          "type": "IMAGE",
          "links": [
            208
          ],
          "shape": 3,
          "slot_index": 0
        }
      ],
      "properties": {
        "Node name for S&R": "VAEDecode"
      }
    },
    {
      "id": 117,
      "type": "Reroute",
      "pos": [
        430,
        390
      ],
      "size": [
        75,
        26
      ],
      "flags": {},
      "order": 10,
      "mode": 0,
      "inputs": [
        {
          "name": "",
          "type": "*",
          "link": 201
        }
      ],
      "outputs": [
        {
          "name": "",
          "type": "CONDITIONING",
          "links": [
            202,
            203
          ],
          "slot_index": 0
        }
      ],
      "properties": {
        "showOutputText": false,
        "horizontal": false
      },
      "color": "#432",
      "bgcolor": "#653"
    },
    {
      "id": 67,
      "type": "Reroute",
      "pos": [
        430,
        430
      ],
      "size": [
        75,
        26
      ],
      "flags": {},
      "order": 11,
      "mode": 0,
      "inputs": [
        {
          "name": "",
          "type": "*",
          "link": 106
        }
      ],
      "outputs": [
        {
          "name": "",
          "type": "CONDITIONING",
          "links": [
            112,
            154,
            200
          ],
          "slot_index": 0
        }
      ],
      "properties": {
        "showOutputText": false,
        "horizontal": false
      },
      "color": "#432",
      "bgcolor": "#653"
    },
    {
      "id": 6,
      "type": "CLIPTextEncode",
      "pos": [
        130,
        240
      ],
      "size": {
        "0": 230,
        "1": 110
      },
      "flags": {},
      "order": 7,
      "mode": 0,
      "inputs": [
        {
          "name": "clip",
          "type": "CLIP",
          "link": 3
        }
      ],
      "outputs": [
        {
          "name": "CONDITIONING",
          "type": "CONDITIONING",
          "links": [
            201
          ],
          "slot_index": 0
        }
      ],
      "title": "CLIP Text Encode (Positive)",
      "properties": {
        "Node name for S&R": "CLIPTextEncode"
      },
      "widgets_values": [
        "closeup a woman preparing for launch in the cockpit of a scifi spaceship wearing a spacesuit"
      ],
      "color": "#232",
      "bgcolor": "#353"
    },
    {
      "id": 3,
      "type": "KSampler",
      "pos": [
        600,
        270
      ],
      "size": {
        "0": 260,
        "1": 262
      },
      "flags": {},
      "order": 12,
      "mode": 0,
      "inputs": [
        {
          "name": "model",
          "type": "MODEL",
          "link": 113
        },
        {
          "name": "positive",
          "type": "CONDITIONING",
          "link": 203
        },
        {
          "name": "negative",
          "type": "CONDITIONING",
          "link": 112
        },
        {
          "name": "latent_image",
          "type": "LATENT",
          "link": 2
        }
      ],
      "outputs": [
        {
          "name": "LATENT",
          "type": "LATENT",
          "links": [
            7
          ],
          "slot_index": 0
        }
      ],
      "properties": {
        "Node name for S&R": "KSampler"
      },
      "widgets_values": [
        2009,
        "fixed",
        20,
        6.5,
        "dpmpp_3m_sde",
        "sgm_uniform",
        1
      ]
    },
    {
      "id": 101,
      "type": "VAEEncodeForInpaint",
      "pos": [
        1480,
        140
      ],
      "size": {
        "0": 230,
        "1": 100
      },
      "flags": {},
      "order": 15,
      "mode": 0,
      "inputs": [
        {
          "name": "pixels",
          "type": "IMAGE",
          "link": 213
        },
        {
          "name": "vae",
          "type": "VAE",
          "link": 173
        },
        {
          "name": "mask",
          "type": "MASK",
          "link": 220
        }
      ],
      "outputs": [
        {
          "name": "LATENT",
          "type": "LATENT",
          "links": [
            172
          ],
          "shape": 3,
          "slot_index": 0
        }
      ],
      "properties": {
        "Node name for S&R": "VAEEncodeForInpaint"
      },
      "widgets_values": [
        8
      ]
    },
    {
      "id": 90,
      "type": "CheckpointLoaderSimple",
      "pos": [
        1180,
        -30
      ],
      "size": [
        250,
        100
      ],
      "flags": {},
      "order": 1,
      "mode": 0,
      "outputs": [
        {
          "name": "MODEL",
          "type": "MODEL",
          "links": [
            157
          ],
          "slot_index": 0
        },
        {
          "name": "CLIP",
          "type": "CLIP",
          "links": [
            155
          ],
          "slot_index": 1
        },
        {
          "name": "VAE",
          "type": "VAE",
          "links": [],
          "slot_index": 2
        }
      ],
      "properties": {
        "Node name for S&R": "CheckpointLoaderSimple"
      },
      "widgets_values": [
        "dreamshaper_8Inpainting.safetensors"
      ]
    },
    {
      "id": 92,
      "type": "CLIPTextEncode",
      "pos": [
        1480,
        20
      ],
      "size": [
        230,
        76
      ],
      "flags": {},
      "order": 5,
      "mode": 0,
      "inputs": [
        {
          "name": "clip",
          "type": "CLIP",
          "link": 155
        }
      ],
      "outputs": [
        {
          "name": "CONDITIONING",
          "type": "CONDITIONING",
          "links": [
            156
          ],
          "slot_index": 0
        }
      ],
      "title": "CLIP Text Encode (Positive)",
      "properties": {
        "Node name for S&R": "CLIPTextEncode"
      },
      "widgets_values": [
        "curly red hair"
      ],
      "color": "#232",
      "bgcolor": "#353"
    },
    {
      "id": 91,
      "type": "KSampler",
      "pos": [
        1760,
        80
      ],
      "size": {
        "0": 260,
        "1": 262
      },
      "flags": {},
      "order": 16,
      "mode": 0,
      "inputs": [
        {
          "name": "model",
          "type": "MODEL",
          "link": 157
        },
        {
          "name": "positive",
          "type": "CONDITIONING",
          "link": 156
        },
        {
          "name": "negative",
          "type": "CONDITIONING",
          "link": 154
        },
        {
          "name": "latent_image",
          "type": "LATENT",
          "link": 172
        }
      ],
      "outputs": [
        {
          "name": "LATENT",
          "type": "LATENT",
          "links": [
            158
          ],
          "slot_index": 0
        }
      ],
      "properties": {
        "Node name for S&R": "KSampler"
      },
      "widgets_values": [
        271,
        "fixed",
        20,
        6,
        "dpmpp_2m",
        "karras",
        0.8299999999999998
      ]
    },
    {
      "id": 116,
      "type": "KSampler",
      "pos": [
        2070,
        420
      ],
      "size": {
        "0": 260,
        "1": 262
      },
      "flags": {},
      "order": 20,
      "mode": 0,
      "inputs": [
        {
          "name": "model",
          "type": "MODEL",
          "link": 204
        },
        {
          "name": "positive",
          "type": "CONDITIONING",
          "link": 202
        },
        {
          "name": "negative",
          "type": "CONDITIONING",
          "link": 200
        },
        {
          "name": "latent_image",
          "type": "LATENT",
          "link": 211
        }
      ],
      "outputs": [
        {
          "name": "LATENT",
          "type": "LATENT",
          "links": [
            206
          ],
          "slot_index": 0
        }
      ],
      "properties": {
        "Node name for S&R": "KSampler"
      },
      "widgets_values": [
        5,
        "fixed",
        15,
        6,
        "dpmpp_2m",
        "karras",
        0.3499999999999999
      ]
    },
    {
      "id": 4,
      "type": "CheckpointLoaderSimple",
      "pos": [
        -260,
        520
      ],
      "size": {
        "0": 300,
        "1": 100
      },
      "flags": {},
      "order": 2,
      "mode": 0,
      "outputs": [
        {
          "name": "MODEL",
          "type": "MODEL",
          "links": [
            205
          ],
          "slot_index": 0
        },
        {
          "name": "CLIP",
          "type": "CLIP",
          "links": [
            3,
            5
          ],
          "slot_index": 1
        },
        {
          "name": "VAE",
          "type": "VAE",
          "links": [],
          "slot_index": 2
        }
      ],
      "properties": {
        "Node name for S&R": "CheckpointLoaderSimple"
      },
      "widgets_values": [
        "dreamshaper_8.safetensors"
      ]
    },
    {
      "id": 8,
      "type": "VAEDecode",
      "pos": [
        900,
        270
      ],
      "size": {
        "0": 140,
        "1": 60
      },
      "flags": {},
      "order": 13,
      "mode": 0,
      "inputs": [
        {
          "name": "samples",
          "type": "LATENT",
          "link": 7
        },
        {
          "name": "vae",
          "type": "VAE",
          "link": 101
        }
      ],
      "outputs": [
        {
          "name": "IMAGE",
          "type": "IMAGE",
          "links": [
            13,
            213
          ],
          "slot_index": 0
        }
      ],
      "properties": {
        "Node name for S&R": "VAEDecode"
      }
    },
    {
      "id": 15,
      "type": "PreviewImage",
      "pos": [
        1090,
        140
      ],
      "size": [
        350,
        260
      ],
      "flags": {},
      "order": 14,
      "mode": 0,
      "inputs": [
        {
          "name": "images",
          "type": "IMAGE",
          "link": 13
        }
      ],
      "properties": {
        "Node name for S&R": "PreviewImage"
      }
    },
    {
      "id": 93,
      "type": "VAEDecode",
      "pos": [
        2060,
        80
      ],
      "size": [
        140,
        50
      ],
      "flags": {},
      "order": 17,
      "mode": 0,
      "inputs": [
        {
          "name": "samples",
          "type": "LATENT",
          "link": 158
        },
        {
          "name": "vae",
          "type": "VAE",
          "link": 160
        }
      ],
      "outputs": [
        {
          "name": "IMAGE",
          "type": "IMAGE",
          "links": [
            159,
            209
          ],
          "shape": 3,
          "slot_index": 0
        }
      ],
      "properties": {
        "Node name for S&R": "VAEDecode"
      }
    },
    {
      "id": 94,
      "type": "PreviewImage",
      "pos": [
        2240,
        80
      ],
      "size": [
        350,
        260
      ],
      "flags": {},
      "order": 18,
      "mode": 0,
      "inputs": [
        {
          "name": "images",
          "type": "IMAGE",
          "link": 159
        }
      ],
      "properties": {
        "Node name for S&R": "PreviewImage"
      }
    },
    {
      "id": 120,
      "type": "VAEEncode",
      "pos": [
        1890,
        560
      ],
      "size": [
        140,
        50
      ],
      "flags": {},
      "order": 19,
      "mode": 0,
      "inputs": [
        {
          "name": "pixels",
          "type": "IMAGE",
          "link": 209
        },
        {
          "name": "vae",
          "type": "VAE",
          "link": 210
        }
      ],
      "outputs": [
        {
          "name": "LATENT",
          "type": "LATENT",
          "links": [
            211
          ],
          "shape": 3,
          "slot_index": 0
        }
      ],
      "properties": {
        "Node name for S&R": "VAEEncode"
      }
    },
    {
      "id": 70,
      "type": "VAELoader",
      "pos": [
        480,
        640
      ],
      "size": [
        250,
        60
      ],
      "flags": {},
      "order": 3,
      "mode": 0,
      "outputs": [
        {
          "name": "VAE",
          "type": "VAE",
          "links": [
            114
          ],
          "shape": 3,
          "slot_index": 0
        }
      ],
      "properties": {
        "Node name for S&R": "VAELoader"
      },
      "widgets_values": [
        "vae-ft-mse-840000-ema-pruned.safetensors"
      ]
    },
    {
      "id": 119,
      "type": "SaveImage",
      "pos": [
        2370,
        520
      ],
      "size": [
        470,
        370
      ],
      "flags": {},
      "order": 22,
      "mode": 0,
      "inputs": [
        {
          "name": "images",
          "type": "IMAGE",
          "link": 208
        }
      ],
      "properties": {},
      "widgets_values": [
        "ComfyUI"
      ]
    },
    {
      "id": 102,
      "type": "LoadImage",
      "pos": [
        1090,
        490
      ],
      "size": [
        350,
        330
      ],
      "flags": {},
      "order": 4,
      "mode": 0,
      "outputs": [
        {
          "name": "IMAGE",
          "type": "IMAGE",
          "links": [],
          "shape": 3,
          "slot_index": 0
        },
        {
          "name": "MASK",
          "type": "MASK",
          "links": [
            220
          ],
          "shape": 3,
          "slot_index": 1
        }
      ],
      "properties": {
        "Node name for S&R": "LoadImage"
      },
      "widgets_values": [
        "cwf_inpaint_example_mask.png",
        "image"
      ]
    }
  ],
  "links": [
    [
      2,
      5,
      0,
      3,
      3,
      "LATENT"
    ],
    [
      3,
      4,
      1,
      6,
      0,
      "CLIP"
    ],
    [
      5,
      4,
      1,
      7,
      0,
      "CLIP"
    ],
    [
      7,
      3,
      0,
      8,
      0,
      "LATENT"
    ],
    [
      13,
      8,
      0,
      15,
      0,
      "IMAGE"
    ],
    [
      101,
      65,
      0,
      8,
      1,
      "VAE"
    ],
    [
      106,
      7,
      0,
      67,
      0,
      "*"
    ],
    [
      112,
      67,
      0,
      3,
      2,
      "CONDITIONING"
    ],
    [
      113,
      68,
      0,
      3,
      0,
      "MODEL"
    ],
    [
      114,
      70,
      0,
      65,
      0,
      "*"
    ],
    [
      154,
      67,
      0,
      91,
      2,
      "CONDITIONING"
    ],
    [
      155,
      90,
      1,
      92,
      0,
      "CLIP"
    ],
    [
      156,
      92,
      0,
      91,
      1,
      "CONDITIONING"
    ],
    [
      157,
      90,
      0,
      91,
      0,
      "MODEL"
    ],
    [
      158,
      91,
      0,
      93,
      0,
      "LATENT"
    ],
    [
      159,
      93,
      0,
      94,
      0,
      "IMAGE"
    ],
    [
      160,
      65,
      0,
      93,
      1,
      "VAE"
    ],
    [
      172,
      101,
      0,
      91,
      3,
      "LATENT"
    ],
    [
      173,
      65,
      0,
      101,
      1,
      "VAE"
    ],
    [
      200,
      67,
      0,
      116,
      2,
      "CONDITIONING"
    ],
    [
      201,
      6,
      0,
      117,
      0,
      "*"
    ],
    [
      202,
      117,
      0,
      116,
      1,
      "CONDITIONING"
    ],
    [
      203,
      117,
      0,
      3,
      1,
      "CONDITIONING"
    ],
    [
      204,
      68,
      0,
      116,
      0,
      "MODEL"
    ],
    [
      205,
      4,
      0,
      68,
      0,
      "*"
    ],
    [
      206,
      116,
      0,
      118,
      0,
      "LATENT"
    ],
    [
      207,
      65,
      0,
      118,
      1,
      "VAE"
    ],
    [
      208,
      118,
      0,
      119,
      0,
      "IMAGE"
    ],
    [
      209,
      93,
      0,
      120,
      0,
      "IMAGE"
    ],
    [
      210,
      65,
      0,
      120,
      1,
      "VAE"
    ],
    [
      211,
      120,
      0,
      116,
      3,
      "LATENT"
    ],
    [
      213,
      8,
      0,
      101,
      0,
      "IMAGE"
    ],
    [
      220,
      102,
      1,
      101,
      2,
      "MASK"
    ]
  ],
  "groups": [],
  "config": {},
  "extra": {},
  "version": 0.4
}