{
  "last_node_id": 51,
  "last_link_id": 86,
  "nodes": [
    {
      "id": 21,
      "type": "PrimitiveNode",
      "pos": [
        20,
        60
      ],
      "size": {
        "0": 320,
        "1": 140
      },
      "flags": {},
      "order": 0,
      "mode": 0,
      "outputs": [
        {
          "name": "STRING",
          "type": "STRING",
          "links": [
            20,
            50
          ],
          "slot_index": 0,
          "widget": {
            "name": "text_g",
            "config": [
              "STRING",
              {
                "multiline": true,
                "default": "CLIP_G"
              }
            ]
          }
        }
      ],
      "title": "Prompt: Main subject",
      "properties": {},
      "widgets_values": [
        "old man astronaut in a scifi spaceship towards his last mission\n\nprofessional photography, high resolution, detailed, 4k"
      ],
      "color": "#232",
      "bgcolor": "#353"
    },
    {
      "id": 19,
      "type": "CLIPTextEncodeSDXL",
      "pos": [
        420,
        430
      ],
      "size": {
        "0": 220,
        "1": 220
      },
      "flags": {},
      "order": 11,
      "mode": 0,
      "inputs": [
        {
          "name": "clip",
          "type": "CLIP",
          "link": 19
        },
        {
          "name": "text_g",
          "type": "STRING",
          "link": 22,
          "widget": {
            "name": "text_g",
            "config": [
              "STRING",
              {
                "multiline": true,
                "default": "CLIP_G"
              }
            ]
          }
        },
        {
          "name": "text_l",
          "type": "STRING",
          "link": 49,
          "widget": {
            "name": "text_l",
            "config": [
              "STRING",
              {
                "multiline": true,
                "default": "CLIP_L"
              }
            ]
          }
        }
      ],
      "outputs": [
        {
          "name": "CONDITIONING",
          "type": "CONDITIONING",
          "links": [
            63
          ],
          "shape": 3,
          "slot_index": 0
        }
      ],
      "properties": {
        "Node name for S&R": "CLIPTextEncodeSDXL"
      },
      "widgets_values": [
        4096,
        4096,
        0,
        0,
        4096,
        4096,
        "blurry, rendering, illustration, flag, frankenstein",
        "blurry, rendering, illustration, flag, frankenstein"
      ]
    },
    {
      "id": 5,
      "type": "EmptyLatentImage",
      "pos": [
        130,
        570
      ],
      "size": {
        "0": 210,
        "1": 110
      },
      "flags": {},
      "order": 1,
      "mode": 0,
      "outputs": [
        {
          "name": "LATENT",
          "type": "LATENT",
          "links": [
            64
          ],
          "slot_index": 0
        }
      ],
      "properties": {
        "Node name for S&R": "EmptyLatentImage"
      },
      "widgets_values": [
        1024,
        1024,
        1
      ],
      "color": "#323",
      "bgcolor": "#535"
    },
    {
      "id": 14,
      "type": "CheckpointLoaderSimple",
      "pos": [
        20,
        430
      ],
      "size": {
        "0": 320,
        "1": 100
      },
      "flags": {},
      "order": 2,
      "mode": 0,
      "outputs": [
        {
          "name": "MODEL",
          "type": "MODEL",
          "links": [
            65
          ],
          "shape": 3,
          "slot_index": 0
        },
        {
          "name": "CLIP",
          "type": "CLIP",
          "links": [
            18,
            19
          ],
          "shape": 3,
          "slot_index": 1
        },
        {
          "name": "VAE",
          "type": "VAE",
          "links": null,
          "shape": 3
        }
      ],
      "title": "Load Checkpoint Base",
      "properties": {
        "Node name for S&R": "CheckpointLoaderSimple"
      },
      "widgets_values": [
        "sd_xl_base_1.0.safetensors"
      ]
    },
    {
      "id": 23,
      "type": "PrimitiveNode",
      "pos": [
        20,
        240
      ],
      "size": {
        "0": 320,
        "1": 150
      },
      "flags": {},
      "order": 3,
      "mode": 0,
      "outputs": [
        {
          "name": "STRING",
          "type": "STRING",
          "links": [
            22,
            24,
            49
          ],
          "slot_index": 0,
          "widget": {
            "name": "text_g",
            "config": [
              "STRING",
              {
                "multiline": true,
                "default": "CLIP_G"
              }
            ]
          }
        }
      ],
      "title": "Prompt: Negative",
      "properties": {},
      "widgets_values": [
        "blurry, rendering, illustration, flag, frankenstein"
      ],
      "color": "#322",
      "bgcolor": "#533"
    },
    {
      "id": 15,
      "type": "CheckpointLoaderSimple",
      "pos": [
        1730,
        780
      ],
      "size": {
        "0": 300,
        "1": 100
      },
      "flags": {},
      "order": 4,
      "mode": 0,
      "outputs": [
        {
          "name": "MODEL",
          "type": "MODEL",
          "links": [
            84
          ],
          "shape": 3,
          "slot_index": 0
        },
        {
          "name": "CLIP",
          "type": "CLIP",
          "links": [
            26,
            27
          ],
          "shape": 3,
          "slot_index": 1
        },
        {
          "name": "VAE",
          "type": "VAE",
          "links": [],
          "shape": 3,
          "slot_index": 2
        }
      ],
      "title": "Load Checkpoint Refiner",
      "properties": {
        "Node name for S&R": "CheckpointLoaderSimple"
      },
      "widgets_values": [
        "sd_xl_refiner_1.0.safetensors"
      ]
    },
    {
      "id": 41,
      "type": "KSampler",
      "pos": [
        700,
        290
      ],
      "size": {
        "0": 240,
        "1": 262
      },
      "flags": {},
      "order": 16,
      "mode": 0,
      "inputs": [
        {
          "name": "model",
          "type": "MODEL",
          "link": 65
        },
        {
          "name": "positive",
          "type": "CONDITIONING",
          "link": 62
        },
        {
          "name": "negative",
          "type": "CONDITIONING",
          "link": 63
        },
        {
          "name": "latent_image",
          "type": "LATENT",
          "link": 64
        }
      ],
      "outputs": [
        {
          "name": "LATENT",
          "type": "LATENT",
          "links": [
            66
          ],
          "shape": 3,
          "slot_index": 0
        }
      ],
      "properties": {
        "Node name for S&R": "KSampler"
      },
      "widgets_values": [
        10,
        "fixed",
        23,
        8,
        "dpmpp_2m_sde_gpu",
        "karras",
        1
      ]
    },
    {
      "id": 33,
      "type": "VAELoader",
      "pos": [
        700,
        180
      ],
      "size": {
        "0": 240,
        "1": 60
      },
      "flags": {},
      "order": 5,
      "mode": 0,
      "outputs": [
        {
          "name": "VAE",
          "type": "VAE",
          "links": [
            51,
            58,
            79
          ],
          "shape": 3,
          "slot_index": 0
        }
      ],
      "properties": {
        "Node name for S&R": "VAELoader"
      },
      "widgets_values": [
        "sdxl_vae.safetensors"
      ]
    },
    {
      "id": 40,
      "type": "PreviewImage",
      "pos": [
        980,
        390
      ],
      "size": {
        "0": 370,
        "1": 390
      },
      "flags": {},
      "order": 19,
      "mode": 0,
      "inputs": [
        {
          "name": "images",
          "type": "IMAGE",
          "link": 61
        }
      ],
      "properties": {
        "Node name for S&R": "PreviewImage"
      }
    },
    {
      "id": 42,
      "type": "LoadImage",
      "pos": [
        1390,
        440
      ],
      "size": {
        "0": 250,
        "1": 340
      },
      "flags": {},
      "order": 6,
      "mode": 0,
      "outputs": [
        {
          "name": "IMAGE",
          "type": "IMAGE",
          "links": null,
          "shape": 3
        },
        {
          "name": "MASK",
          "type": "MASK",
          "links": [
            73
          ],
          "shape": 3,
          "slot_index": 1
        }
      ],
      "properties": {
        "Node name for S&R": "LoadImage"
      },
      "widgets_values": [
        "cwf_inpaint_example_mask_SDXL.png",
        "image"
      ]
    },
    {
      "id": 46,
      "type": "VAELoader",
      "pos": [
        1060,
        110
      ],
      "size": {
        "0": 280,
        "1": 60
      },
      "flags": {},
      "order": 7,
      "mode": 0,
      "outputs": [
        {
          "name": "VAE",
          "type": "VAE",
          "links": [
            74,
            76
          ],
          "shape": 3,
          "slot_index": 0
        }
      ],
      "properties": {
        "Node name for S&R": "VAELoader"
      },
      "widgets_values": [
        "vae-ft-mse-840000-ema-pruned.safetensors"
      ]
    },
    {
      "id": 44,
      "type": "CLIPTextEncode",
      "pos": [
        1430,
        -70
      ],
      "size": {
        "0": 210,
        "1": 76
      },
      "flags": {},
      "order": 14,
      "mode": 0,
      "inputs": [
        {
          "name": "clip",
          "type": "CLIP",
          "link": 69
        }
      ],
      "outputs": [
        {
          "name": "CONDITIONING",
          "type": "CONDITIONING",
          "links": [
            70
          ],
          "shape": 3,
          "slot_index": 0
        }
      ],
      "properties": {
        "Node name for S&R": "CLIPTextEncode"
      },
      "widgets_values": [
        "a cat on the astronaut lap"
      ],
      "color": "#232",
      "bgcolor": "#353"
    },
    {
      "id": 45,
      "type": "CLIPTextEncode",
      "pos": [
        1430,
        50
      ],
      "size": {
        "0": 210,
        "1": 76
      },
      "flags": {},
      "order": 15,
      "mode": 0,
      "inputs": [
        {
          "name": "clip",
          "type": "CLIP",
          "link": 71
        }
      ],
      "outputs": [
        {
          "name": "CONDITIONING",
          "type": "CONDITIONING",
          "links": [
            72
          ],
          "shape": 3,
          "slot_index": 0
        }
      ],
      "properties": {
        "Node name for S&R": "CLIPTextEncode"
      },
      "widgets_values": [
        "blurry, rendering, illustration"
      ],
      "color": "#322",
      "bgcolor": "#533"
    },
    {
      "id": 48,
      "type": "PreviewImage",
      "pos": [
        2080,
        70
      ],
      "size": {
        "0": 460,
        "1": 480
      },
      "flags": {},
      "order": 22,
      "mode": 0,
      "inputs": [
        {
          "name": "images",
          "type": "IMAGE",
          "link": 77
        }
      ],
      "properties": {
        "Node name for S&R": "PreviewImage"
      }
    },
    {
      "id": 49,
      "type": "VAEEncode",
      "pos": [
        2250,
        -30
      ],
      "size": {
        "0": 140,
        "1": 50
      },
      "flags": {},
      "order": 23,
      "mode": 0,
      "inputs": [
        {
          "name": "pixels",
          "type": "IMAGE",
          "link": 78
        },
        {
          "name": "vae",
          "type": "VAE",
          "link": 79
        }
      ],
      "outputs": [
        {
          "name": "LATENT",
          "type": "LATENT",
          "links": [
            83
          ],
          "shape": 3,
          "slot_index": 0
        }
      ],
      "properties": {
        "Node name for S&R": "VAEEncode"
      }
    },
    {
      "id": 24,
      "type": "CLIPTextEncodeSDXLRefiner",
      "pos": [
        2090,
        860
      ],
      "size": {
        "0": 220,
        "1": 130
      },
      "flags": {},
      "order": 12,
      "mode": 0,
      "inputs": [
        {
          "name": "clip",
          "type": "CLIP",
          "link": 27
        },
        {
          "name": "text",
          "type": "STRING",
          "link": 24,
          "widget": {
            "name": "text",
            "config": [
              "STRING",
              {
                "multiline": true
              }
            ]
          }
        }
      ],
      "outputs": [
        {
          "name": "CONDITIONING",
          "type": "CONDITIONING",
          "links": [
            82
          ],
          "shape": 3,
          "slot_index": 0
        }
      ],
      "properties": {
        "Node name for S&R": "CLIPTextEncodeSDXLRefiner"
      },
      "widgets_values": [
        3,
        1024,
        1024,
        "blurry, rendering, illustration, flag, frankenstein"
      ]
    },
    {
      "id": 8,
      "type": "VAEDecode",
      "pos": [
        2650,
        750
      ],
      "size": {
        "0": 140,
        "1": 60
      },
      "flags": {},
      "order": 25,
      "mode": 0,
      "inputs": [
        {
          "name": "samples",
          "type": "LATENT",
          "link": 85
        },
        {
          "name": "vae",
          "type": "VAE",
          "link": 51
        }
      ],
      "outputs": [
        {
          "name": "IMAGE",
          "type": "IMAGE",
          "links": [
            9
          ],
          "slot_index": 0
        }
      ],
      "properties": {
        "Node name for S&R": "VAEDecode"
      }
    },
    {
      "id": 51,
      "type": "PrimitiveNode",
      "pos": [
        1820,
        620
      ],
      "size": {
        "0": 210,
        "1": 120
      },
      "flags": {},
      "order": 8,
      "mode": 0,
      "outputs": [
        {
          "name": "STRING",
          "type": "STRING",
          "links": [
            86
          ],
          "slot_index": 0,
          "widget": {
            "name": "text",
            "config": [
              "STRING",
              {
                "multiline": true
              }
            ]
          }
        }
      ],
      "title": "Prompt: Main subject",
      "properties": {},
      "widgets_values": [
        "old man astronaut in a scifi spaceship with cat on his lap\n\nhigh resolution, highly detailed, 4k, sharp"
      ],
      "color": "#232",
      "bgcolor": "#353"
    },
    {
      "id": 9,
      "type": "SaveImage",
      "pos": [
        2560,
        60
      ],
      "size": {
        "0": 440,
        "1": 490
      },
      "flags": {},
      "order": 26,
      "mode": 0,
      "inputs": [
        {
          "name": "images",
          "type": "IMAGE",
          "link": 9
        }
      ],
      "properties": {},
      "widgets_values": [
        "SDXL"
      ]
    },
    {
      "id": 36,
      "type": "VAEDecode",
      "pos": [
        980,
        290
      ],
      "size": {
        "0": 140,
        "1": 50
      },
      "flags": {},
      "order": 17,
      "mode": 0,
      "inputs": [
        {
          "name": "samples",
          "type": "LATENT",
          "link": 66
        },
        {
          "name": "vae",
          "type": "VAE",
          "link": 58
        }
      ],
      "outputs": [
        {
          "name": "IMAGE",
          "type": "IMAGE",
          "links": [
            60,
            61
          ],
          "shape": 3,
          "slot_index": 0
        }
      ],
      "properties": {
        "Node name for S&R": "VAEDecode"
      }
    },
    {
      "id": 47,
      "type": "VAEDecode",
      "pos": [
        2080,
        -30
      ],
      "size": {
        "0": 140,
        "1": 50
      },
      "flags": {},
      "order": 21,
      "mode": 0,
      "inputs": [
        {
          "name": "samples",
          "type": "LATENT",
          "link": 75
        },
        {
          "name": "vae",
          "type": "VAE",
          "link": 76
        }
      ],
      "outputs": [
        {
          "name": "IMAGE",
          "type": "IMAGE",
          "links": [
            77,
            78
          ],
          "shape": 3,
          "slot_index": 0
        }
      ],
      "properties": {
        "Node name for S&R": "VAEDecode"
      }
    },
    {
      "id": 17,
      "type": "CLIPTextEncodeSDXLRefiner",
      "pos": [
        2090,
        690
      ],
      "size": {
        "0": 220,
        "1": 130
      },
      "flags": {},
      "order": 13,
      "mode": 0,
      "inputs": [
        {
          "name": "clip",
          "type": "CLIP",
          "link": 26
        },
        {
          "name": "text",
          "type": "STRING",
          "link": 86,
          "widget": {
            "name": "text",
            "config": [
              "STRING",
              {
                "multiline": true
              }
            ]
          }
        }
      ],
      "outputs": [
        {
          "name": "CONDITIONING",
          "type": "CONDITIONING",
          "links": [
            81
          ],
          "shape": 3,
          "slot_index": 0
        }
      ],
      "properties": {
        "Node name for S&R": "CLIPTextEncodeSDXLRefiner"
      },
      "widgets_values": [
        6,
        1024,
        1024,
        "old man astronaut in a scifi spaceship with cat on his lap\n\nhigh resolution, highly detailed, 4k, sharp"
      ]
    },
    {
      "id": 16,
      "type": "CLIPTextEncodeSDXL",
      "pos": [
        420,
        160
      ],
      "size": {
        "0": 220,
        "1": 220
      },
      "flags": {},
      "order": 10,
      "mode": 0,
      "inputs": [
        {
          "name": "clip",
          "type": "CLIP",
          "link": 18
        },
        {
          "name": "text_g",
          "type": "STRING",
          "link": 20,
          "widget": {
            "name": "text_g",
            "config": [
              "STRING",
              {
                "multiline": true,
                "default": "CLIP_G"
              }
            ]
          }
        },
        {
          "name": "text_l",
          "type": "STRING",
          "link": 50,
          "widget": {
            "name": "text_l",
            "config": [
              "STRING",
              {
                "multiline": true,
                "default": "CLIP_L"
              }
            ]
          }
        }
      ],
      "outputs": [
        {
          "name": "CONDITIONING",
          "type": "CONDITIONING",
          "links": [
            62
          ],
          "shape": 3,
          "slot_index": 0
        }
      ],
      "properties": {
        "Node name for S&R": "CLIPTextEncodeSDXL"
      },
      "widgets_values": [
        4096,
        4096,
        0,
        0,
        4096,
        4096,
        "old man astronaut in a scifi spaceship towards his last mission\n\nprofessional photography, high resolution, detailed, 4k",
        "old man astronaut in a scifi spaceship towards his last mission\n\nprofessional photography, high resolution, detailed, 4k"
      ]
    },
    {
      "id": 38,
      "type": "VAEEncodeForInpaint",
      "pos": [
        1430,
        190
      ],
      "size": {
        "0": 230,
        "1": 100
      },
      "flags": {},
      "order": 18,
      "mode": 0,
      "inputs": [
        {
          "name": "pixels",
          "type": "IMAGE",
          "link": 60
        },
        {
          "name": "vae",
          "type": "VAE",
          "link": 74
        },
        {
          "name": "mask",
          "type": "MASK",
          "link": 73
        }
      ],
      "outputs": [
        {
          "name": "LATENT",
          "type": "LATENT",
          "links": [
            67
          ],
          "shape": 3,
          "slot_index": 0
        }
      ],
      "properties": {
        "Node name for S&R": "VAEEncodeForInpaint"
      },
      "widgets_values": [
        6
      ]
    },
    {
      "id": 39,
      "type": "CheckpointLoaderSimple",
      "pos": [
        1060,
        -30
      ],
      "size": {
        "0": 280,
        "1": 100
      },
      "flags": {},
      "order": 9,
      "mode": 0,
      "outputs": [
        {
          "name": "MODEL",
          "type": "MODEL",
          "links": [
            68
          ],
          "shape": 3,
          "slot_index": 0
        },
        {
          "name": "CLIP",
          "type": "CLIP",
          "links": [
            69,
            71
          ],
          "shape": 3,
          "slot_index": 1
        },
        {
          "name": "VAE",
          "type": "VAE",
          "links": null,
          "shape": 3
        }
      ],
      "properties": {
        "Node name for S&R": "CheckpointLoaderSimple"
      },
      "widgets_values": [
        "v15/dreamshaper_8Inpainting.safetensors"
      ]
    },
    {
      "id": 43,
      "type": "KSampler",
      "pos": [
        1720,
        -30
      ],
      "size": {
        "0": 315,
        "1": 262
      },
      "flags": {},
      "order": 20,
      "mode": 0,
      "inputs": [
        {
          "name": "model",
          "type": "MODEL",
          "link": 68
        },
        {
          "name": "positive",
          "type": "CONDITIONING",
          "link": 70
        },
        {
          "name": "negative",
          "type": "CONDITIONING",
          "link": 72
        },
        {
          "name": "latent_image",
          "type": "LATENT",
          "link": 67
        }
      ],
      "outputs": [
        {
          "name": "LATENT",
          "type": "LATENT",
          "links": [
            75
          ],
          "shape": 3,
          "slot_index": 0
        }
      ],
      "properties": {
        "Node name for S&R": "KSampler"
      },
      "widgets_values": [
        10,
        "fixed",
        20,
        5,
        "dpmpp_2m_sde",
        "karras",
        1
      ]
    },
    {
      "id": 50,
      "type": "KSampler",
      "pos": [
        2360,
        750
      ],
      "size": {
        "0": 250,
        "1": 262
      },
      "flags": {},
      "order": 24,
      "mode": 0,
      "inputs": [
        {
          "name": "model",
          "type": "MODEL",
          "link": 84
        },
        {
          "name": "positive",
          "type": "CONDITIONING",
          "link": 81
        },
        {
          "name": "negative",
          "type": "CONDITIONING",
          "link": 82
        },
        {
          "name": "latent_image",
          "type": "LATENT",
          "link": 83
        }
      ],
      "outputs": [
        {
          "name": "LATENT",
          "type": "LATENT",
          "links": [
            85
          ],
          "shape": 3,
          "slot_index": 0
        }
      ],
      "properties": {
        "Node name for S&R": "KSampler"
      },
      "widgets_values": [
        2,
        "fixed",
        15,
        8,
        "dpmpp_2m",
        "karras",
        0.35000000000000003
      ]
    }
  ],
  "links": [
    [
      9,
      8,
      0,
      9,
      0,
      "IMAGE"
    ],
    [
      18,
      14,
      1,
      16,
      0,
      "CLIP"
    ],
    [
      19,
      14,
      1,
      19,
      0,
      "CLIP"
    ],
    [
      20,
      21,
      0,
      16,
      1,
      "STRING"
    ],
    [
      22,
      23,
      0,
      19,
      1,
      "STRING"
    ],
    [
      24,
      23,
      0,
      24,
      1,
      "STRING"
    ],
    [
      26,
      15,
      1,
      17,
      0,
      "CLIP"
    ],
    [
      27,
      15,
      1,
      24,
      0,
      "CLIP"
    ],
    [
      49,
      23,
      0,
      19,
      2,
      "STRING"
    ],
    [
      50,
      21,
      0,
      16,
      2,
      "STRING"
    ],
    [
      51,
      33,
      0,
      8,
      1,
      "VAE"
    ],
    [
      58,
      33,
      0,
      36,
      1,
      "VAE"
    ],
    [
      60,
      36,
      0,
      38,
      0,
      "IMAGE"
    ],
    [
      61,
      36,
      0,
      40,
      0,
      "IMAGE"
    ],
    [
      62,
      16,
      0,
      41,
      1,
      "CONDITIONING"
    ],
    [
      63,
      19,
      0,
      41,
      2,
      "CONDITIONING"
    ],
    [
      64,
      5,
      0,
      41,
      3,
      "LATENT"
    ],
    [
      65,
      14,
      0,
      41,
      0,
      "MODEL"
    ],
    [
      66,
      41,
      0,
      36,
      0,
      "LATENT"
    ],
    [
      67,
      38,
      0,
      43,
      3,
      "LATENT"
    ],
    [
      68,
      39,
      0,
      43,
      0,
      "MODEL"
    ],
    [
      69,
      39,
      1,
      44,
      0,
      "CLIP"
    ],
    [
      70,
      44,
      0,
      43,
      1,
      "CONDITIONING"
    ],
    [
      71,
      39,
      1,
      45,
      0,
      "CLIP"
    ],
    [
      72,
      45,
      0,
      43,
      2,
      "CONDITIONING"
    ],
    [
      73,
      42,
      1,
      38,
      2,
      "MASK"
    ],
    [
      74,
      46,
      0,
      38,
      1,
      "VAE"
    ],
    [
      75,
      43,
      0,
      47,
      0,
      "LATENT"
    ],
    [
      76,
      46,
      0,
      47,
      1,
      "VAE"
    ],
    [
      77,
      47,
      0,
      48,
      0,
      "IMAGE"
    ],
    [
      78,
      47,
      0,
      49,
      0,
      "IMAGE"
    ],
    [
      79,
      33,
      0,
      49,
      1,
      "VAE"
    ],
    [
      81,
      17,
      0,
      50,
      1,
      "CONDITIONING"
    ],
    [
      82,
      24,
      0,
      50,
      2,
      "CONDITIONING"
    ],
    [
      83,
      49,
      0,
      50,
      3,
      "LATENT"
    ],
    [
      84,
      15,
      0,
      50,
      0,
      "MODEL"
    ],
    [
      85,
      50,
      0,
      8,
      0,
      "LATENT"
    ],
    [
      86,
      51,
      0,
      17,
      1,
      "STRING"
    ]
  ],
  "groups": [],
  "config": {},
  "extra": {},
  "version": 0.4
}