{
  "last_node_id": 26,
  "last_link_id": 23,
  "nodes": [
    {
      "id": 3,
      "type": "UpscaleModelLoader",
      "pos": [
        380,
        60
      ],
      "size": {
        "0": 300,
        "1": 60
      },
      "flags": {},
      "order": 0,
      "mode": 0,
      "outputs": [
        {
          "name": "UPSCALE_MODEL",
          "type": "UPSCALE_MODEL",
          "links": [
            1
          ],
          "shape": 3,
          "slot_index": 0
        }
      ],
      "properties": {
        "Node name for S&R": "UpscaleModelLoader"
      },
      "widgets_values": [
        "ESRGAN_4x.pth"
      ]
    },
    {
      "id": 22,
      "type": "ImageUpscaleWithModel",
      "pos": [
        1320,
        60
      ],
      "size": {
        "0": 230,
        "1": 60
      },
      "flags": {},
      "order": 8,
      "mode": 0,
      "inputs": [
        {
          "name": "upscale_model",
          "type": "UPSCALE_MODEL",
          "link": 17
        },
        {
          "name": "image",
          "type": "IMAGE",
          "link": 22
        }
      ],
      "outputs": [
        {
          "name": "IMAGE",
          "type": "IMAGE",
          "links": [
            18
          ],
          "shape": 3,
          "slot_index": 0
        }
      ],
      "properties": {
        "Node name for S&R": "ImageUpscaleWithModel"
      }
    },
    {
      "id": 25,
      "type": "ImageUpscaleWithModel",
      "pos": [
        1320,
        670
      ],
      "size": {
        "0": 230,
        "1": 60
      },
      "flags": {},
      "order": 7,
      "mode": 0,
      "inputs": [
        {
          "name": "upscale_model",
          "type": "UPSCALE_MODEL",
          "link": 19
        },
        {
          "name": "image",
          "type": "IMAGE",
          "link": 23
        }
      ],
      "outputs": [
        {
          "name": "IMAGE",
          "type": "IMAGE",
          "links": [
            20
          ],
          "shape": 3,
          "slot_index": 0
        }
      ],
      "properties": {
        "Node name for S&R": "ImageUpscaleWithModel"
      }
    },
    {
      "id": 18,
      "type": "UpscaleModelLoader",
      "pos": [
        380,
        670
      ],
      "size": {
        "0": 300,
        "1": 60
      },
      "flags": {},
      "order": 1,
      "mode": 0,
      "outputs": [
        {
          "name": "UPSCALE_MODEL",
          "type": "UPSCALE_MODEL",
          "links": [
            15
          ],
          "shape": 3,
          "slot_index": 0
        }
      ],
      "properties": {
        "Node name for S&R": "UpscaleModelLoader"
      },
      "widgets_values": [
        "4x-UltraSharp.pth"
      ]
    },
    {
      "id": 24,
      "type": "UpscaleModelLoader",
      "pos": [
        1000,
        670
      ],
      "size": {
        "0": 300,
        "1": 60
      },
      "flags": {},
      "order": 2,
      "mode": 0,
      "outputs": [
        {
          "name": "UPSCALE_MODEL",
          "type": "UPSCALE_MODEL",
          "links": [
            19
          ],
          "shape": 3,
          "slot_index": 0
        }
      ],
      "properties": {
        "Node name for S&R": "UpscaleModelLoader"
      },
      "widgets_values": [
        "4x_foolhardy_Remacri.pth"
      ]
    },
    {
      "id": 26,
      "type": "SaveImage",
      "pos": [
        1160,
        770
      ],
      "size": {
        "0": 390,
        "1": 440
      },
      "flags": {},
      "order": 11,
      "mode": 0,
      "inputs": [
        {
          "name": "images",
          "type": "IMAGE",
          "link": 20
        }
      ],
      "properties": {},
      "widgets_values": [
        "Remacri"
      ]
    },
    {
      "id": 20,
      "type": "SaveImage",
      "pos": [
        540,
        770
      ],
      "size": {
        "0": 390,
        "1": 440
      },
      "flags": {},
      "order": 10,
      "mode": 0,
      "inputs": [
        {
          "name": "images",
          "type": "IMAGE",
          "link": 16
        }
      ],
      "properties": {},
      "widgets_values": [
        "UltraSharp"
      ]
    },
    {
      "id": 11,
      "type": "SaveImage",
      "pos": [
        540,
        160
      ],
      "size": {
        "0": 390,
        "1": 440
      },
      "flags": {},
      "order": 9,
      "mode": 0,
      "inputs": [
        {
          "name": "images",
          "type": "IMAGE",
          "link": 9
        }
      ],
      "properties": {},
      "widgets_values": [
        "ESRGAN"
      ]
    },
    {
      "id": 23,
      "type": "SaveImage",
      "pos": [
        1160,
        160
      ],
      "size": {
        "0": 390,
        "1": 440
      },
      "flags": {},
      "order": 12,
      "mode": 0,
      "inputs": [
        {
          "name": "images",
          "type": "IMAGE",
          "link": 18
        }
      ],
      "properties": {},
      "widgets_values": [
        "RealESRGAN"
      ]
    },
    {
      "id": 1,
      "type": "LoadImage",
      "pos": [
        40,
        280
      ],
      "size": {
        "0": 210,
        "1": 314
      },
      "flags": {},
      "order": 3,
      "mode": 0,
      "outputs": [
        {
          "name": "IMAGE",
          "type": "IMAGE",
          "links": [
            5,
            21,
            22,
            23
          ],
          "shape": 3,
          "slot_index": 0
        },
        {
          "name": "MASK",
          "type": "MASK",
          "links": null,
          "shape": 3
        }
      ],
      "properties": {
        "Node name for S&R": "LoadImage"
      },
      "widgets_values": [
        "cwf_portrait.jpg",
        "image"
      ]
    },
    {
      "id": 7,
      "type": "ImageUpscaleWithModel",
      "pos": [
        700,
        60
      ],
      "size": {
        "0": 230,
        "1": 60
      },
      "flags": {},
      "order": 5,
      "mode": 0,
      "inputs": [
        {
          "name": "upscale_model",
          "type": "UPSCALE_MODEL",
          "link": 1
        },
        {
          "name": "image",
          "type": "IMAGE",
          "link": 5
        }
      ],
      "outputs": [
        {
          "name": "IMAGE",
          "type": "IMAGE",
          "links": [
            9
          ],
          "shape": 3,
          "slot_index": 0
        }
      ],
      "properties": {
        "Node name for S&R": "ImageUpscaleWithModel"
      }
    },
    {
      "id": 21,
      "type": "UpscaleModelLoader",
      "pos": [
        1000,
        60
      ],
      "size": {
        "0": 300,
        "1": 60
      },
      "flags": {},
      "order": 4,
      "mode": 0,
      "outputs": [
        {
          "name": "UPSCALE_MODEL",
          "type": "UPSCALE_MODEL",
          "links": [
            17
          ],
          "shape": 3,
          "slot_index": 0
        }
      ],
      "properties": {
        "Node name for S&R": "UpscaleModelLoader"
      },
      "widgets_values": [
        "RealESRGAN_x4plus.pth"
      ]
    },
    {
      "id": 19,
      "type": "ImageUpscaleWithModel",
      "pos": [
        700,
        670
      ],
      "size": {
        "0": 230,
        "1": 60
      },
      "flags": {},
      "order": 6,
      "mode": 0,
      "inputs": [
        {
          "name": "upscale_model",
          "type": "UPSCALE_MODEL",
          "link": 15
        },
        {
          "name": "image",
          "type": "IMAGE",
          "link": 21
        }
      ],
      "outputs": [
        {
          "name": "IMAGE",
          "type": "IMAGE",
          "links": [
            16
          ],
          "shape": 3,
          "slot_index": 0
        }
      ],
      "properties": {
        "Node name for S&R": "ImageUpscaleWithModel"
      }
    }
  ],
  "links": [
    [
      1,
      3,
      0,
      7,
      0,
      "UPSCALE_MODEL"
    ],
    [
      5,
      1,
      0,
      7,
      1,
      "IMAGE"
    ],
    [
      9,
      7,
      0,
      11,
      0,
      "IMAGE"
    ],
    [
      15,
      18,
      0,
      19,
      0,
      "UPSCALE_MODEL"
    ],
    [
      16,
      19,
      0,
      20,
      0,
      "IMAGE"
    ],
    [
      17,
      21,
      0,
      22,
      0,
      "UPSCALE_MODEL"
    ],
    [
      18,
      22,
      0,
      23,
      0,
      "IMAGE"
    ],
    [
      19,
      24,
      0,
      25,
      0,
      "UPSCALE_MODEL"
    ],
    [
      20,
      25,
      0,
      26,
      0,
      "IMAGE"
    ],
    [
      21,
      1,
      0,
      19,
      1,
      "IMAGE"
    ],
    [
      22,
      1,
      0,
      22,
      1,
      "IMAGE"
    ],
    [
      23,
      1,
      0,
      25,
      1,
      "IMAGE"
    ]
  ],
  "groups": [],
  "config": {},
  "extra": {},
  "version": 0.4
}