{
  "last_node_id": 31,
  "last_link_id": 44,
  "nodes": [
    {
      "id": 15,
      "type": "LoadImage",
      "pos": [
        -50,
        390
      ],
      "size": {
        "0": 240,
        "1": 320
      },
      "flags": {},
      "order": 0,
      "mode": 0,
      "outputs": [
        {
          "name": "IMAGE",
          "type": "IMAGE",
          "links": [
            20
          ],
          "shape": 3,
          "slot_index": 0
        },
        {
          "name": "MASK",
          "type": "MASK",
          "links": null,
          "shape": 3
        }
      ],
      "properties": {
        "Node name for S&R": "LoadImage"
      },
      "widgets_values": [
        "cwf_budapest.jpg",
        "image"
      ],
      "color": "#2a363b",
      "bgcolor": "#3f5159"
    },
    {
      "id": 3,
      "type": "KSampler",
      "pos": [
        1120,
        180
      ],
      "size": {
        "0": 260,
        "1": 262
      },
      "flags": {},
      "order": 14,
      "mode": 0,
      "inputs": [
        {
          "name": "model",
          "type": "MODEL",
          "link": 14
        },
        {
          "name": "positive",
          "type": "CONDITIONING",
          "link": 26
        },
        {
          "name": "negative",
          "type": "CONDITIONING",
          "link": 6
        },
        {
          "name": "latent_image",
          "type": "LATENT",
          "link": 2
        }
      ],
      "outputs": [
        {
          "name": "LATENT",
          "type": "LATENT",
          "links": [
            7
          ],
          "slot_index": 0
        }
      ],
      "properties": {
        "Node name for S&R": "KSampler"
      },
      "widgets_values": [
        7,
        "fixed",
        20,
        7,
        "dpmpp_3m_sde_gpu",
        "sgm_uniform",
        1
      ]
    },
    {
      "id": 12,
      "type": "unCLIPCheckpointLoader",
      "pos": [
        90,
        190
      ],
      "size": {
        "0": 250,
        "1": 120
      },
      "flags": {},
      "order": 1,
      "mode": 0,
      "outputs": [
        {
          "name": "MODEL",
          "type": "MODEL",
          "links": [
            14
          ],
          "shape": 3,
          "slot_index": 0
        },
        {
          "name": "CLIP",
          "type": "CLIP",
          "links": [
            13,
            21
          ],
          "shape": 3,
          "slot_index": 1
        },
        {
          "name": "VAE",
          "type": "VAE",
          "links": [
            15
          ],
          "shape": 3,
          "slot_index": 2
        },
        {
          "name": "CLIP_VISION",
          "type": "CLIP_VISION",
          "links": [
            16,
            23
          ],
          "shape": 3,
          "slot_index": 3
        }
      ],
      "properties": {
        "Node name for S&R": "unCLIPCheckpointLoader"
      },
      "widgets_values": [
        "sd21-unclip-h.ckpt"
      ]
    },
    {
      "id": 6,
      "type": "CLIPTextEncode",
      "pos": [
        500,
        180
      ],
      "size": {
        "0": 250,
        "1": 80
      },
      "flags": {},
      "order": 6,
      "mode": 0,
      "inputs": [
        {
          "name": "clip",
          "type": "CLIP",
          "link": 13
        }
      ],
      "outputs": [
        {
          "name": "CONDITIONING",
          "type": "CONDITIONING",
          "links": [
            18
          ],
          "slot_index": 0
        }
      ],
      "title": "CLIP Text Encode (Positive)",
      "properties": {
        "Node name for S&R": "CLIPTextEncode"
      },
      "widgets_values": [
        "a beautiful photograph of an iced old European city"
      ],
      "color": "#232",
      "bgcolor": "#353"
    },
    {
      "id": 7,
      "type": "CLIPTextEncode",
      "pos": [
        500,
        480
      ],
      "size": {
        "0": 250,
        "1": 76
      },
      "flags": {},
      "order": 7,
      "mode": 0,
      "inputs": [
        {
          "name": "clip",
          "type": "CLIP",
          "link": 21
        }
      ],
      "outputs": [
        {
          "name": "CONDITIONING",
          "type": "CONDITIONING",
          "links": [
            6
          ],
          "slot_index": 0
        }
      ],
      "title": "CLIP Text Encode (Negative)",
      "properties": {
        "Node name for S&R": "CLIPTextEncode"
      },
      "widgets_values": [
        "blurry, illustration"
      ],
      "color": "#322",
      "bgcolor": "#533"
    },
    {
      "id": 14,
      "type": "unCLIPConditioning",
      "pos": [
        800,
        180
      ],
      "size": {
        "0": 262,
        "1": 102
      },
      "flags": {},
      "order": 12,
      "mode": 0,
      "inputs": [
        {
          "name": "conditioning",
          "type": "CONDITIONING",
          "link": 18
        },
        {
          "name": "clip_vision_output",
          "type": "CLIP_VISION_OUTPUT",
          "link": 17
        }
      ],
      "outputs": [
        {
          "name": "CONDITIONING",
          "type": "CONDITIONING",
          "links": [
            25
          ],
          "shape": 3,
          "slot_index": 0
        }
      ],
      "properties": {
        "Node name for S&R": "unCLIPConditioning"
      },
      "widgets_values": [
        0.75,
        0
      ],
      "color": "#432",
      "bgcolor": "#653"
    },
    {
      "id": 18,
      "type": "unCLIPConditioning",
      "pos": [
        800,
        320
      ],
      "size": {
        "0": 262,
        "1": 102
      },
      "flags": {},
      "order": 13,
      "mode": 0,
      "inputs": [
        {
          "name": "conditioning",
          "type": "CONDITIONING",
          "link": 25
        },
        {
          "name": "clip_vision_output",
          "type": "CLIP_VISION_OUTPUT",
          "link": 24
        }
      ],
      "outputs": [
        {
          "name": "CONDITIONING",
          "type": "CONDITIONING",
          "links": [
            26
          ],
          "shape": 3,
          "slot_index": 0
        }
      ],
      "properties": {
        "Node name for S&R": "unCLIPConditioning"
      },
      "widgets_values": [
        0.4,
        0.35
      ],
      "color": "#432",
      "bgcolor": "#653"
    },
    {
      "id": 5,
      "type": "EmptyLatentImage",
      "pos": [
        840,
        460
      ],
      "size": {
        "0": 220,
        "1": 106
      },
      "flags": {},
      "order": 2,
      "mode": 0,
      "outputs": [
        {
          "name": "LATENT",
          "type": "LATENT",
          "links": [
            2
          ],
          "slot_index": 0
        }
      ],
      "properties": {
        "Node name for S&R": "EmptyLatentImage"
      },
      "widgets_values": [
        768,
        768,
        1
      ],
      "color": "#323",
      "bgcolor": "#535"
    },
    {
      "id": 8,
      "type": "VAEDecode",
      "pos": [
        1420,
        180
      ],
      "size": {
        "0": 140,
        "1": 50
      },
      "flags": {},
      "order": 15,
      "mode": 0,
      "inputs": [
        {
          "name": "samples",
          "type": "LATENT",
          "link": 7
        },
        {
          "name": "vae",
          "type": "VAE",
          "link": 15
        }
      ],
      "outputs": [
        {
          "name": "IMAGE",
          "type": "IMAGE",
          "links": [
            27,
            43
          ],
          "slot_index": 0
        }
      ],
      "properties": {
        "Node name for S&R": "VAEDecode"
      }
    },
    {
      "id": 19,
      "type": "ImageScaleToTotalPixels",
      "pos": [
        1420,
        270
      ],
      "size": {
        "0": 210,
        "1": 82
      },
      "flags": {},
      "order": 16,
      "mode": 0,
      "inputs": [
        {
          "name": "image",
          "type": "IMAGE",
          "link": 27
        }
      ],
      "outputs": [
        {
          "name": "IMAGE",
          "type": "IMAGE",
          "links": [
            29
          ],
          "shape": 3,
          "slot_index": 0
        }
      ],
      "properties": {
        "Node name for S&R": "ImageScaleToTotalPixels"
      },
      "widgets_values": [
        "nearest-exact",
        1
      ]
    },
    {
      "id": 22,
      "type": "VAEEncode",
      "pos": [
        1660,
        280
      ],
      "size": {
        "0": 140,
        "1": 50
      },
      "flags": {},
      "order": 18,
      "mode": 0,
      "inputs": [
        {
          "name": "pixels",
          "type": "IMAGE",
          "link": 29
        },
        {
          "name": "vae",
          "type": "VAE",
          "link": 30,
          "slot_index": 1
        }
      ],
      "outputs": [
        {
          "name": "LATENT",
          "type": "LATENT",
          "links": [
            32
          ],
          "shape": 3,
          "slot_index": 0
        }
      ],
      "properties": {
        "Node name for S&R": "VAEEncode"
      }
    },
    {
      "id": 23,
      "type": "VAELoader",
      "pos": [
        1420,
        390
      ],
      "size": {
        "0": 210,
        "1": 60
      },
      "flags": {},
      "order": 3,
      "mode": 0,
      "outputs": [
        {
          "name": "VAE",
          "type": "VAE",
          "links": [
            30,
            36
          ],
          "shape": 3,
          "slot_index": 0
        }
      ],
      "properties": {
        "Node name for S&R": "VAELoader"
      },
      "widgets_values": [
        "sdxl_vae.safetensors"
      ]
    },
    {
      "id": 24,
      "type": "KSampler",
      "pos": [
        1840,
        400
      ],
      "size": {
        "0": 260,
        "1": 262
      },
      "flags": {},
      "order": 19,
      "mode": 0,
      "inputs": [
        {
          "name": "model",
          "type": "MODEL",
          "link": 31
        },
        {
          "name": "positive",
          "type": "CONDITIONING",
          "link": 40
        },
        {
          "name": "negative",
          "type": "CONDITIONING",
          "link": 41
        },
        {
          "name": "latent_image",
          "type": "LATENT",
          "link": 32
        }
      ],
      "outputs": [
        {
          "name": "LATENT",
          "type": "LATENT",
          "links": [
            35
          ],
          "slot_index": 0
        }
      ],
      "properties": {
        "Node name for S&R": "KSampler"
      },
      "widgets_values": [
        8,
        "fixed",
        12,
        6,
        "dpmpp_2m",
        "karras",
        0.4
      ]
    },
    {
      "id": 28,
      "type": "CLIPTextEncodeSDXLRefiner",
      "pos": [
        1560,
        510
      ],
      "size": {
        "0": 210,
        "1": 148
      },
      "flags": {},
      "order": 9,
      "mode": 0,
      "inputs": [
        {
          "name": "clip",
          "type": "CLIP",
          "link": 39
        }
      ],
      "outputs": [
        {
          "name": "CONDITIONING",
          "type": "CONDITIONING",
          "links": [
            40
          ],
          "shape": 3,
          "slot_index": 0
        }
      ],
      "properties": {
        "Node name for S&R": "CLIPTextEncodeSDXLRefiner"
      },
      "widgets_values": [
        6,
        1024,
        1024,
        "a beautiful photograph of an iced old European city, sharp, highly detailed"
      ],
      "color": "#232",
      "bgcolor": "#353"
    },
    {
      "id": 21,
      "type": "CheckpointLoaderSimple",
      "pos": [
        1270,
        530
      ],
      "size": {
        "0": 260,
        "1": 100
      },
      "flags": {},
      "order": 4,
      "mode": 0,
      "outputs": [
        {
          "name": "MODEL",
          "type": "MODEL",
          "links": [
            31
          ],
          "shape": 3,
          "slot_index": 0
        },
        {
          "name": "CLIP",
          "type": "CLIP",
          "links": [
            39,
            42
          ],
          "shape": 3,
          "slot_index": 1
        },
        {
          "name": "VAE",
          "type": "VAE",
          "links": null,
          "shape": 3
        }
      ],
      "properties": {
        "Node name for S&R": "CheckpointLoaderSimple"
      },
      "widgets_values": [
        "sd_xl_refiner_1.0.safetensors"
      ]
    },
    {
      "id": 25,
      "type": "VAEDecode",
      "pos": [
        2140,
        400
      ],
      "size": {
        "0": 140,
        "1": 50
      },
      "flags": {},
      "order": 20,
      "mode": 0,
      "inputs": [
        {
          "name": "samples",
          "type": "LATENT",
          "link": 35
        },
        {
          "name": "vae",
          "type": "VAE",
          "link": 36
        }
      ],
      "outputs": [
        {
          "name": "IMAGE",
          "type": "IMAGE",
          "links": [
            44
          ],
          "shape": 3,
          "slot_index": 0
        }
      ],
      "properties": {
        "Node name for S&R": "VAEDecode"
      }
    },
    {
      "id": 30,
      "type": "PreviewImage",
      "pos": [
        510,
        740
      ],
      "size": {
        "0": 450,
        "1": 480
      },
      "flags": {},
      "order": 17,
      "mode": 0,
      "inputs": [
        {
          "name": "images",
          "type": "IMAGE",
          "link": 43
        }
      ],
      "properties": {
        "Node name for S&R": "PreviewImage"
      }
    },
    {
      "id": 31,
      "type": "SaveImage",
      "pos": [
        980,
        720
      ],
      "size": {
        "0": 450,
        "1": 500
      },
      "flags": {},
      "order": 21,
      "mode": 0,
      "inputs": [
        {
          "name": "images",
          "type": "IMAGE",
          "link": 44
        }
      ],
      "properties": {},
      "widgets_values": [
        "Result"
      ]
    },
    {
      "id": 16,
      "type": "LoadImage",
      "pos": [
        200,
        390
      ],
      "size": {
        "0": 240,
        "1": 320
      },
      "flags": {},
      "order": 5,
      "mode": 0,
      "outputs": [
        {
          "name": "IMAGE",
          "type": "IMAGE",
          "links": [
            22
          ],
          "shape": 3,
          "slot_index": 0
        },
        {
          "name": "MASK",
          "type": "MASK",
          "links": null,
          "shape": 3
        }
      ],
      "properties": {
        "Node name for S&R": "LoadImage"
      },
      "widgets_values": [
        "cwf_iceberg.jpg",
        "image"
      ],
      "color": "#2a363b",
      "bgcolor": "#3f5159"
    },
    {
      "id": 13,
      "type": "CLIPVisionEncode",
      "pos": [
        500,
        300
      ],
      "size": {
        "0": 253.60000610351562,
        "1": 50
      },
      "flags": {},
      "order": 8,
      "mode": 0,
      "inputs": [
        {
          "name": "clip_vision",
          "type": "CLIP_VISION",
          "link": 16
        },
        {
          "name": "image",
          "type": "IMAGE",
          "link": 20
        }
      ],
      "outputs": [
        {
          "name": "CLIP_VISION_OUTPUT",
          "type": "CLIP_VISION_OUTPUT",
          "links": [
            17
          ],
          "shape": 3,
          "slot_index": 0
        }
      ],
      "properties": {
        "Node name for S&R": "CLIPVisionEncode"
      },
      "color": "#432",
      "bgcolor": "#653"
    },
    {
      "id": 17,
      "type": "CLIPVisionEncode",
      "pos": [
        500,
        390
      ],
      "size": {
        "0": 253.60000610351562,
        "1": 50
      },
      "flags": {},
      "order": 11,
      "mode": 0,
      "inputs": [
        {
          "name": "clip_vision",
          "type": "CLIP_VISION",
          "link": 23
        },
        {
          "name": "image",
          "type": "IMAGE",
          "link": 22
        }
      ],
      "outputs": [
        {
          "name": "CLIP_VISION_OUTPUT",
          "type": "CLIP_VISION_OUTPUT",
          "links": [
            24
          ],
          "shape": 3,
          "slot_index": 0
        }
      ],
      "properties": {
        "Node name for S&R": "CLIPVisionEncode"
      },
      "color": "#432",
      "bgcolor": "#653"
    },
    {
      "id": 29,
      "type": "CLIPTextEncodeSDXLRefiner",
      "pos": [
        1560,
        700
      ],
      "size": {
        "0": 210,
        "1": 148
      },
      "flags": {},
      "order": 10,
      "mode": 0,
      "inputs": [
        {
          "name": "clip",
          "type": "CLIP",
          "link": 42
        }
      ],
      "outputs": [
        {
          "name": "CONDITIONING",
          "type": "CONDITIONING",
          "links": [
            41
          ],
          "shape": 3,
          "slot_index": 0
        }
      ],
      "properties": {
        "Node name for S&R": "CLIPTextEncodeSDXLRefiner"
      },
      "widgets_values": [
        3,
        1024,
        1024,
        "blurry, illustration, low quality, noisy"
      ],
      "color": "#322",
      "bgcolor": "#533"
    }
  ],
  "links": [
    [
      2,
      5,
      0,
      3,
      3,
      "LATENT"
    ],
    [
      6,
      7,
      0,
      3,
      2,
      "CONDITIONING"
    ],
    [
      7,
      3,
      0,
      8,
      0,
      "LATENT"
    ],
    [
      13,
      12,
      1,
      6,
      0,
      "CLIP"
    ],
    [
      14,
      12,
      0,
      3,
      0,
      "MODEL"
    ],
    [
      15,
      12,
      2,
      8,
      1,
      "VAE"
    ],
    [
      16,
      12,
      3,
      13,
      0,
      "CLIP_VISION"
    ],
    [
      17,
      13,
      0,
      14,
      1,
      "CLIP_VISION_OUTPUT"
    ],
    [
      18,
      6,
      0,
      14,
      0,
      "CONDITIONING"
    ],
    [
      20,
      15,
      0,
      13,
      1,
      "IMAGE"
    ],
    [
      21,
      12,
      1,
      7,
      0,
      "CLIP"
    ],
    [
      22,
      16,
      0,
      17,
      1,
      "IMAGE"
    ],
    [
      23,
      12,
      3,
      17,
      0,
      "CLIP_VISION"
    ],
    [
      24,
      17,
      0,
      18,
      1,
      "CLIP_VISION_OUTPUT"
    ],
    [
      25,
      14,
      0,
      18,
      0,
      "CONDITIONING"
    ],
    [
      26,
      18,
      0,
      3,
      1,
      "CONDITIONING"
    ],
    [
      27,
      8,
      0,
      19,
      0,
      "IMAGE"
    ],
    [
      29,
      19,
      0,
      22,
      0,
      "IMAGE"
    ],
    [
      30,
      23,
      0,
      22,
      1,
      "VAE"
    ],
    [
      31,
      21,
      0,
      24,
      0,
      "MODEL"
    ],
    [
      32,
      22,
      0,
      24,
      3,
      "LATENT"
    ],
    [
      35,
      24,
      0,
      25,
      0,
      "LATENT"
    ],
    [
      36,
      23,
      0,
      25,
      1,
      "VAE"
    ],
    [
      39,
      21,
      1,
      28,
      0,
      "CLIP"
    ],
    [
      40,
      28,
      0,
      24,
      1,
      "CONDITIONING"
    ],
    [
      41,
      29,
      0,
      24,
      2,
      "CONDITIONING"
    ],
    [
      42,
      21,
      1,
      29,
      0,
      "CLIP"
    ],
    [
      43,
      8,
      0,
      30,
      0,
      "IMAGE"
    ],
    [
      44,
      25,
      0,
      31,
      0,
      "IMAGE"
    ]
  ],
  "groups": [],
  "config": {},
  "extra": {},
  "version": 0.4
}