{
  "last_node_id": 14,
  "last_link_id": 19,
  "nodes": [
    {
      "id": 8,
      "type": "VAEDecode",
      "pos": [
        1230,
        210
      ],
      "size": {
        "0": 140,
        "1": 60
      },
      "flags": {},
      "order": 7,
      "mode": 0,
      "inputs": [
        {
          "name": "samples",
          "type": "LATENT",
          "link": 17
        },
        {
          "name": "vae",
          "type": "VAE",
          "link": 12
        }
      ],
      "outputs": [
        {
          "name": "IMAGE",
          "type": "IMAGE",
          "links": [
            9
          ],
          "slot_index": 0
        }
      ],
      "properties": {
        "Node name for S&R": "VAEDecode"
      }
    },
    {
      "id": 4,
      "type": "CheckpointLoaderSimple",
      "pos": [
        20,
        210
      ],
      "size": {
        "0": 340,
        "1": 100
      },
      "flags": {},
      "order": 0,
      "mode": 0,
      "outputs": [
        {
          "name": "MODEL",
          "type": "MODEL",
          "links": [
            15
          ],
          "slot_index": 0
        },
        {
          "name": "CLIP",
          "type": "CLIP",
          "links": [
            3,
            5
          ],
          "slot_index": 1
        },
        {
          "name": "VAE",
          "type": "VAE",
          "links": [],
          "slot_index": 2
        }
      ],
      "properties": {
        "Node name for S&R": "CheckpointLoaderSimple"
      },
      "widgets_values": [
        "v1-5-pruned-emaonly.safetensors"
      ]
    },
    {
      "id": 9,
      "type": "SaveImage",
      "pos": [
        1420,
        210
      ],
      "size": {
        "0": 410,
        "1": 460
      },
      "flags": {},
      "order": 8,
      "mode": 0,
      "inputs": [
        {
          "name": "images",
          "type": "IMAGE",
          "link": 9
        }
      ],
      "properties": {},
      "widgets_values": [
        "Result"
      ]
    },
    {
      "id": 6,
      "type": "CLIPTextEncode",
      "pos": [
        430,
        70
      ],
      "size": {
        "0": 370,
        "1": 160
      },
      "flags": {},
      "order": 4,
      "mode": 0,
      "inputs": [
        {
          "name": "clip",
          "type": "CLIP",
          "link": 3
        }
      ],
      "outputs": [
        {
          "name": "CONDITIONING",
          "type": "CONDITIONING",
          "links": [
            13
          ],
          "slot_index": 0
        }
      ],
      "title": "CLIP Text Encode (Positive)",
      "properties": {
        "Node name for S&R": "CLIPTextEncode"
      },
      "widgets_values": [
        "a photo of a cat wearing a spacesuit inside a spaceship\n\nhigh resolution, detailed, 4k"
      ],
      "color": "#232",
      "bgcolor": "#353"
    },
    {
      "id": 7,
      "type": "CLIPTextEncode",
      "pos": [
        430,
        290
      ],
      "size": {
        "0": 370,
        "1": 160
      },
      "flags": {},
      "order": 5,
      "mode": 0,
      "inputs": [
        {
          "name": "clip",
          "type": "CLIP",
          "link": 5
        }
      ],
      "outputs": [
        {
          "name": "CONDITIONING",
          "type": "CONDITIONING",
          "links": [
            14
          ],
          "slot_index": 0
        }
      ],
      "title": "CLIP Text Encode (Negative)",
      "properties": {
        "Node name for S&R": "CLIPTextEncode"
      },
      "widgets_values": [
        "blurry, illustration"
      ],
      "color": "#322",
      "bgcolor": "#533"
    },
    {
      "id": 5,
      "type": "EmptyLatentImage",
      "pos": [
        580,
        510
      ],
      "size": {
        "0": 220,
        "1": 106
      },
      "flags": {},
      "order": 1,
      "mode": 0,
      "outputs": [
        {
          "name": "LATENT",
          "type": "LATENT",
          "links": [
            16
          ],
          "slot_index": 0
        }
      ],
      "properties": {
        "Node name for S&R": "EmptyLatentImage"
      },
      "widgets_values": [
        512,
        512,
        1
      ]
    },
    {
      "id": 11,
      "type": "VAELoader",
      "pos": [
        880,
        520
      ],
      "size": {
        "0": 300,
        "1": 60
      },
      "flags": {},
      "order": 2,
      "mode": 0,
      "outputs": [
        {
          "name": "VAE",
          "type": "VAE",
          "links": [
            12
          ],
          "shape": 3,
          "slot_index": 0
        }
      ],
      "properties": {
        "Node name for S&R": "VAELoader"
      },
      "widgets_values": [
        "vae-ft-mse-840000-ema-pruned.safetensors"
      ]
    },
    {
      "id": 12,
      "type": "KSamplerAdvanced",
      "pos": [
        880,
        140
      ],
      "size": [
        300,
        330
      ],
      "flags": {},
      "order": 6,
      "mode": 0,
      "inputs": [
        {
          "name": "model",
          "type": "MODEL",
          "link": 15
        },
        {
          "name": "positive",
          "type": "CONDITIONING",
          "link": 13
        },
        {
          "name": "negative",
          "type": "CONDITIONING",
          "link": 14
        },
        {
          "name": "latent_image",
          "type": "LATENT",
          "link": 16
        },
        {
          "name": "end_at_step",
          "type": "INT",
          "link": 19,
          "widget": {
            "name": "end_at_step",
            "config": [
              "INT",
              {
                "default": 10000,
                "min": 0,
                "max": 10000
              }
            ]
          }
        }
      ],
      "outputs": [
        {
          "name": "LATENT",
          "type": "LATENT",
          "links": [
            17
          ],
          "shape": 3,
          "slot_index": 0
        }
      ],
      "properties": {
        "Node name for S&R": "KSamplerAdvanced"
      },
      "widgets_values": [
        "enable",
        1,
        "fixed",
        20,
        8,
        "euler",
        "normal",
        0,
        1,
        "disable"
      ]
    },
    {
      "id": 14,
      "type": "PrimitiveNode",
      "pos": [
        880,
        20
      ],
      "size": {
        "0": 210,
        "1": 82
      },
      "flags": {},
      "order": 3,
      "mode": 0,
      "outputs": [
        {
          "name": "INT",
          "type": "INT",
          "links": [
            19
          ],
          "slot_index": 0,
          "widget": {
            "name": "end_at_step",
            "config": [
              "INT",
              {
                "default": 10000,
                "min": 0,
                "max": 10000
              }
            ]
          }
        }
      ],
      "properties": {},
      "widgets_values": [
        1,
        "increment"
      ]
    }
  ],
  "links": [
    [
      3,
      4,
      1,
      6,
      0,
      "CLIP"
    ],
    [
      5,
      4,
      1,
      7,
      0,
      "CLIP"
    ],
    [
      9,
      8,
      0,
      9,
      0,
      "IMAGE"
    ],
    [
      12,
      11,
      0,
      8,
      1,
      "VAE"
    ],
    [
      13,
      6,
      0,
      12,
      1,
      "CONDITIONING"
    ],
    [
      14,
      7,
      0,
      12,
      2,
      "CONDITIONING"
    ],
    [
      15,
      4,
      0,
      12,
      0,
      "MODEL"
    ],
    [
      16,
      5,
      0,
      12,
      3,
      "LATENT"
    ],
    [
      17,
      12,
      0,
      8,
      0,
      "LATENT"
    ],
    [
      19,
      14,
      0,
      12,
      4,
      "INT"
    ]
  ],
  "groups": [],
  "config": {},
  "extra": {},
  "version": 0.4
}