{
  "last_node_id": 40,
  "last_link_id": 67,
  "nodes": [
    {
      "id": 8,
      "type": "VAEDecode",
      "pos": [
        1120,
        160
      ],
      "size": {
        "0": 140,
        "1": 60
      },
      "flags": {},
      "order": 10,
      "mode": 0,
      "inputs": [
        {
          "name": "samples",
          "type": "LATENT",
          "link": 62
        },
        {
          "name": "vae",
          "type": "VAE",
          "link": 61
        }
      ],
      "outputs": [
        {
          "name": "IMAGE",
          "type": "IMAGE",
          "links": [
            9
          ],
          "slot_index": 0
        }
      ],
      "properties": {
        "Node name for S&R": "VAEDecode"
      }
    },
    {
      "id": 14,
      "type": "CheckpointLoaderSimple",
      "pos": [
        20,
        430
      ],
      "size": {
        "0": 320,
        "1": 100
      },
      "flags": {},
      "order": 0,
      "mode": 0,
      "outputs": [
        {
          "name": "MODEL",
          "type": "MODEL",
          "links": [
            60
          ],
          "shape": 3,
          "slot_index": 0
        },
        {
          "name": "CLIP",
          "type": "CLIP",
          "links": [
            18,
            19
          ],
          "shape": 3,
          "slot_index": 1
        },
        {
          "name": "VAE",
          "type": "VAE",
          "links": null,
          "shape": 3
        }
      ],
      "title": "Load Checkpoint Base",
      "properties": {
        "Node name for S&R": "CheckpointLoaderSimple"
      },
      "widgets_values": [
        "sd_xl_base_1.0.safetensors"
      ]
    },
    {
      "id": 23,
      "type": "PrimitiveNode",
      "pos": [
        20,
        140
      ],
      "size": {
        "0": 320,
        "1": 150
      },
      "flags": {},
      "order": 1,
      "mode": 0,
      "outputs": [
        {
          "name": "STRING",
          "type": "STRING",
          "links": [
            22,
            49
          ],
          "slot_index": 0,
          "widget": {
            "name": "text_g",
            "config": [
              "STRING",
              {
                "multiline": true,
                "default": "CLIP_G"
              }
            ]
          }
        }
      ],
      "title": "Prompt: Negative",
      "properties": {},
      "widgets_values": [
        "blurry, horror, rendering, illustration, drawing, painting"
      ],
      "color": "#322",
      "bgcolor": "#533"
    },
    {
      "id": 19,
      "type": "CLIPTextEncodeSDXL",
      "pos": [
        450,
        390
      ],
      "size": {
        "0": 220,
        "1": 220
      },
      "flags": {},
      "order": 5,
      "mode": 0,
      "inputs": [
        {
          "name": "clip",
          "type": "CLIP",
          "link": 19
        },
        {
          "name": "text_g",
          "type": "STRING",
          "link": 22,
          "widget": {
            "name": "text_g",
            "config": [
              "STRING",
              {
                "multiline": true,
                "default": "CLIP_G"
              }
            ]
          }
        },
        {
          "name": "text_l",
          "type": "STRING",
          "link": 49,
          "widget": {
            "name": "text_l",
            "config": [
              "STRING",
              {
                "multiline": true,
                "default": "CLIP_L"
              }
            ]
          }
        }
      ],
      "outputs": [
        {
          "name": "CONDITIONING",
          "type": "CONDITIONING",
          "links": [
            58
          ],
          "shape": 3,
          "slot_index": 0
        }
      ],
      "properties": {
        "Node name for S&R": "CLIPTextEncodeSDXL"
      },
      "widgets_values": [
        4096,
        4096,
        0,
        0,
        4096,
        4096,
        "blurry, horror, rendering, illustration, drawing, painting",
        "blurry, horror, rendering, illustration, drawing, painting"
      ]
    },
    {
      "id": 38,
      "type": "LoadImage",
      "pos": [
        130,
        580
      ],
      "size": [
        210,
        290
      ],
      "flags": {},
      "order": 2,
      "mode": 0,
      "outputs": [
        {
          "name": "IMAGE",
          "type": "IMAGE",
          "links": [
            67
          ],
          "shape": 3,
          "slot_index": 0
        },
        {
          "name": "MASK",
          "type": "MASK",
          "links": null,
          "shape": 3
        }
      ],
      "properties": {
        "Node name for S&R": "LoadImage"
      },
      "widgets_values": [
        "cwf_portrait.jpg",
        "image"
      ]
    },
    {
      "id": 40,
      "type": "ImageScale",
      "pos": [
        450,
        650
      ],
      "size": [
        220,
        130
      ],
      "flags": {},
      "order": 6,
      "mode": 0,
      "inputs": [
        {
          "name": "image",
          "type": "IMAGE",
          "link": 67
        }
      ],
      "outputs": [
        {
          "name": "IMAGE",
          "type": "IMAGE",
          "links": [
            66
          ],
          "shape": 3,
          "slot_index": 0
        }
      ],
      "properties": {
        "Node name for S&R": "ImageScale"
      },
      "widgets_values": [
        "nearest-exact",
        1024,
        1024,
        "disabled"
      ]
    },
    {
      "id": 37,
      "type": "VAELoader",
      "pos": [
        80,
        330
      ],
      "size": {
        "0": 260,
        "1": 60
      },
      "flags": {},
      "order": 3,
      "mode": 0,
      "outputs": [
        {
          "name": "VAE",
          "type": "VAE",
          "links": [
            61,
            64
          ],
          "shape": 3,
          "slot_index": 0
        }
      ],
      "properties": {
        "Node name for S&R": "VAELoader"
      },
      "widgets_values": [
        "sdxl_vae.safetensors"
      ]
    },
    {
      "id": 21,
      "type": "PrimitiveNode",
      "pos": [
        20,
        -40
      ],
      "size": {
        "0": 320,
        "1": 140
      },
      "flags": {},
      "order": 4,
      "mode": 0,
      "outputs": [
        {
          "name": "STRING",
          "type": "STRING",
          "links": [
            20,
            50
          ],
          "slot_index": 0,
          "widget": {
            "name": "text_g",
            "config": [
              "STRING",
              {
                "multiline": true,
                "default": "CLIP_G"
              }
            ]
          }
        }
      ],
      "title": "Prompt: Main subject",
      "properties": {},
      "widgets_values": [
        "a professional photo of a young man smiling\n\nhigh resolution, highly detailed, 4k"
      ],
      "color": "#232",
      "bgcolor": "#353"
    },
    {
      "id": 16,
      "type": "CLIPTextEncodeSDXL",
      "pos": [
        450,
        120
      ],
      "size": {
        "0": 220,
        "1": 220
      },
      "flags": {},
      "order": 7,
      "mode": 0,
      "inputs": [
        {
          "name": "clip",
          "type": "CLIP",
          "link": 18
        },
        {
          "name": "text_g",
          "type": "STRING",
          "link": 20,
          "widget": {
            "name": "text_g",
            "config": [
              "STRING",
              {
                "multiline": true,
                "default": "CLIP_G"
              }
            ]
          }
        },
        {
          "name": "text_l",
          "type": "STRING",
          "link": 50,
          "widget": {
            "name": "text_l",
            "config": [
              "STRING",
              {
                "multiline": true,
                "default": "CLIP_L"
              }
            ]
          }
        }
      ],
      "outputs": [
        {
          "name": "CONDITIONING",
          "type": "CONDITIONING",
          "links": [
            57
          ],
          "shape": 3,
          "slot_index": 0
        }
      ],
      "properties": {
        "Node name for S&R": "CLIPTextEncodeSDXL"
      },
      "widgets_values": [
        4096,
        4096,
        0,
        0,
        4096,
        4096,
        "a professional photo of a young man smiling\n\nhigh resolution, highly detailed, 4k",
        "a professional photo of a young man smiling\n\nhigh resolution, highly detailed, 4k"
      ]
    },
    {
      "id": 39,
      "type": "VAEEncode",
      "pos": [
        710,
        650
      ],
      "size": [
        140,
        50
      ],
      "flags": {},
      "order": 8,
      "mode": 0,
      "inputs": [
        {
          "name": "pixels",
          "type": "IMAGE",
          "link": 66
        },
        {
          "name": "vae",
          "type": "VAE",
          "link": 64
        }
      ],
      "outputs": [
        {
          "name": "LATENT",
          "type": "LATENT",
          "links": [
            65
          ],
          "shape": 3,
          "slot_index": 0
        }
      ],
      "properties": {
        "Node name for S&R": "VAEEncode"
      }
    },
    {
      "id": 9,
      "type": "SaveImage",
      "pos": [
        1120,
        270
      ],
      "size": {
        "0": 400,
        "1": 450
      },
      "flags": {},
      "order": 11,
      "mode": 0,
      "inputs": [
        {
          "name": "images",
          "type": "IMAGE",
          "link": 9
        }
      ],
      "properties": {},
      "widgets_values": [
        "img2img"
      ]
    },
    {
      "id": 36,
      "type": "KSampler",
      "pos": [
        740,
        260
      ],
      "size": {
        "0": 315,
        "1": 262
      },
      "flags": {},
      "order": 9,
      "mode": 0,
      "inputs": [
        {
          "name": "model",
          "type": "MODEL",
          "link": 60
        },
        {
          "name": "positive",
          "type": "CONDITIONING",
          "link": 57
        },
        {
          "name": "negative",
          "type": "CONDITIONING",
          "link": 58
        },
        {
          "name": "latent_image",
          "type": "LATENT",
          "link": 65
        }
      ],
      "outputs": [
        {
          "name": "LATENT",
          "type": "LATENT",
          "links": [
            62
          ],
          "shape": 3,
          "slot_index": 0
        }
      ],
      "properties": {
        "Node name for S&R": "KSampler"
      },
      "widgets_values": [
        41,
        "fixed",
        20,
        5.5,
        "dpmpp_2m_sde_gpu",
        "exponential",
        0.7999999999999999
      ]
    }
  ],
  "links": [
    [
      9,
      8,
      0,
      9,
      0,
      "IMAGE"
    ],
    [
      18,
      14,
      1,
      16,
      0,
      "CLIP"
    ],
    [
      19,
      14,
      1,
      19,
      0,
      "CLIP"
    ],
    [
      20,
      21,
      0,
      16,
      1,
      "STRING"
    ],
    [
      22,
      23,
      0,
      19,
      1,
      "STRING"
    ],
    [
      49,
      23,
      0,
      19,
      2,
      "STRING"
    ],
    [
      50,
      21,
      0,
      16,
      2,
      "STRING"
    ],
    [
      57,
      16,
      0,
      36,
      1,
      "CONDITIONING"
    ],
    [
      58,
      19,
      0,
      36,
      2,
      "CONDITIONING"
    ],
    [
      60,
      14,
      0,
      36,
      0,
      "MODEL"
    ],
    [
      61,
      37,
      0,
      8,
      1,
      "VAE"
    ],
    [
      62,
      36,
      0,
      8,
      0,
      "LATENT"
    ],
    [
      64,
      37,
      0,
      39,
      1,
      "VAE"
    ],
    [
      65,
      39,
      0,
      36,
      3,
      "LATENT"
    ],
    [
      66,
      40,
      0,
      39,
      0,
      "IMAGE"
    ],
    [
      67,
      38,
      0,
      40,
      0,
      "IMAGE"
    ]
  ],
  "groups": [],
  "config": {},
  "extra": {},
  "version": 0.4
}