{
  "last_node_id": 47,
  "last_link_id": 88,
  "nodes": [
    {
      "id": 32,
      "type": "Note",
      "pos": [
        160,
        730
      ],
      "size": {
        "0": 210,
        "1": 380
      },
      "flags": {},
      "order": 0,
      "mode": 0,
      "title": "Resolutions",
      "properties": {
        "text": ""
      },
      "widgets_values": [
        "0.5:   704×1408\n0.52:  704×1344\n0.57:  768×1344\n0.6:   768×1280\n0.68:  832×1216\n0.72:  832×1152\n0.78:  896×1152\n0.82:  896×1088\n0.88:  960×1088\n0.94:  960×1024\n1.0:  1024×1024\n1.07:  1024×960\n1.13:  1088×960\n1.21:  1088×896\n1.29:  1152×896\n1.38:  1152×832\n1.46:  1216×832\n1.67:  1280×768\n1.75:  1344×768\n1.91:  1344×704\n2.0:   1408×704\n2.09:  1472×704\n2.4:   1536×640\n2.5:   1600×640\n2.89:  1664×576\n3.0:   1728×576"
      ],
      "color": "#323",
      "bgcolor": "#535"
    },
    {
      "id": 5,
      "type": "EmptyLatentImage",
      "pos": [
        390,
        730
      ],
      "size": {
        "0": 210,
        "1": 110
      },
      "flags": {},
      "order": 1,
      "mode": 0,
      "outputs": [
        {
          "name": "LATENT",
          "type": "LATENT",
          "links": [
            59
          ],
          "slot_index": 0
        }
      ],
      "properties": {
        "Node name for S&R": "EmptyLatentImage"
      },
      "widgets_values": [
        1024,
        1024,
        1
      ],
      "color": "#323",
      "bgcolor": "#535"
    },
    {
      "id": 16,
      "type": "CLIPTextEncodeSDXL",
      "pos": [
        720,
        480
      ],
      "size": {
        "0": 210,
        "1": 220
      },
      "flags": {},
      "order": 9,
      "mode": 0,
      "inputs": [
        {
          "name": "clip",
          "type": "CLIP",
          "link": 18
        },
        {
          "name": "text_g",
          "type": "STRING",
          "link": 20,
          "widget": {
            "name": "text_g",
            "config": [
              "STRING",
              {
                "multiline": true,
                "default": "CLIP_G"
              }
            ]
          }
        },
        {
          "name": "text_l",
          "type": "STRING",
          "link": 50,
          "widget": {
            "name": "text_l",
            "config": [
              "STRING",
              {
                "multiline": true,
                "default": "CLIP_L"
              }
            ]
          }
        }
      ],
      "outputs": [
        {
          "name": "CONDITIONING",
          "type": "CONDITIONING",
          "links": [
            57
          ],
          "shape": 3,
          "slot_index": 0
        }
      ],
      "properties": {
        "Node name for S&R": "CLIPTextEncodeSDXL"
      },
      "widgets_values": [
        4096,
        4096,
        0,
        0,
        4096,
        4096,
        "masterpiece illustration of a scifi cyberpunk girl smiling\n\ndetailed, high quality",
        "masterpiece illustration of a scifi cyberpunk girl smiling\n\ndetailed, high quality"
      ]
    },
    {
      "id": 19,
      "type": "CLIPTextEncodeSDXL",
      "pos": [
        720,
        740
      ],
      "size": {
        "0": 210,
        "1": 220
      },
      "flags": {},
      "order": 10,
      "mode": 0,
      "inputs": [
        {
          "name": "clip",
          "type": "CLIP",
          "link": 19
        },
        {
          "name": "text_g",
          "type": "STRING",
          "link": 22,
          "widget": {
            "name": "text_g",
            "config": [
              "STRING",
              {
                "multiline": true,
                "default": "CLIP_G"
              }
            ]
          }
        },
        {
          "name": "text_l",
          "type": "STRING",
          "link": 49,
          "widget": {
            "name": "text_l",
            "config": [
              "STRING",
              {
                "multiline": true,
                "default": "CLIP_L"
              }
            ]
          }
        }
      ],
      "outputs": [
        {
          "name": "CONDITIONING",
          "type": "CONDITIONING",
          "links": [
            58
          ],
          "shape": 3,
          "slot_index": 0
        }
      ],
      "properties": {
        "Node name for S&R": "CLIPTextEncodeSDXL"
      },
      "widgets_values": [
        4096,
        4096,
        0,
        0,
        4096,
        4096,
        "blurry, rendering, photograph",
        "blurry, rendering, photograph"
      ]
    },
    {
      "id": 23,
      "type": "PrimitiveNode",
      "pos": [
        390,
        440
      ],
      "size": {
        "0": 210,
        "1": 110
      },
      "flags": {},
      "order": 2,
      "mode": 0,
      "outputs": [
        {
          "name": "STRING",
          "type": "STRING",
          "links": [
            22,
            49
          ],
          "slot_index": 0,
          "widget": {
            "name": "text_g",
            "config": [
              "STRING",
              {
                "multiline": true,
                "default": "CLIP_G"
              }
            ]
          }
        }
      ],
      "title": "Prompt: Negative",
      "properties": {},
      "widgets_values": [
        "blurry, rendering, photograph"
      ],
      "color": "#322",
      "bgcolor": "#533"
    },
    {
      "id": 21,
      "type": "PrimitiveNode",
      "pos": [
        390,
        290
      ],
      "size": {
        "0": 210,
        "1": 110
      },
      "flags": {},
      "order": 3,
      "mode": 0,
      "outputs": [
        {
          "name": "STRING",
          "type": "STRING",
          "links": [
            20,
            50
          ],
          "slot_index": 0,
          "widget": {
            "name": "text_g",
            "config": [
              "STRING",
              {
                "multiline": true,
                "default": "CLIP_G"
              }
            ]
          }
        }
      ],
      "title": "Prompt: Main subject",
      "properties": {},
      "widgets_values": [
        "masterpiece illustration of a scifi cyberpunk girl smiling\n\ndetailed, high quality"
      ],
      "color": "#232",
      "bgcolor": "#353"
    },
    {
      "id": 37,
      "type": "VAELoader",
      "pos": [
        1000,
        370
      ],
      "size": {
        "0": 240,
        "1": 60
      },
      "flags": {},
      "order": 4,
      "mode": 0,
      "outputs": [
        {
          "name": "VAE",
          "type": "VAE",
          "links": [
            61
          ],
          "shape": 3,
          "slot_index": 0
        }
      ],
      "properties": {
        "Node name for S&R": "VAELoader"
      },
      "widgets_values": [
        "sdxl_vae.safetensors"
      ]
    },
    {
      "id": 8,
      "type": "VAEDecode",
      "pos": [
        1260,
        370
      ],
      "size": {
        "0": 140,
        "1": 60
      },
      "flags": {},
      "order": 13,
      "mode": 0,
      "inputs": [
        {
          "name": "samples",
          "type": "LATENT",
          "link": 62
        },
        {
          "name": "vae",
          "type": "VAE",
          "link": 61
        }
      ],
      "outputs": [
        {
          "name": "IMAGE",
          "type": "IMAGE",
          "links": [
            9
          ],
          "slot_index": 0
        }
      ],
      "properties": {
        "Node name for S&R": "VAEDecode"
      }
    },
    {
      "id": 9,
      "type": "SaveImage",
      "pos": [
        1260,
        470
      ],
      "size": {
        "0": 400,
        "1": 450
      },
      "flags": {},
      "order": 14,
      "mode": 0,
      "inputs": [
        {
          "name": "images",
          "type": "IMAGE",
          "link": 9
        }
      ],
      "properties": {},
      "widgets_values": [
        "SDXL"
      ]
    },
    {
      "id": 14,
      "type": "CheckpointLoaderSimple",
      "pos": [
        280,
        590
      ],
      "size": {
        "0": 320,
        "1": 100
      },
      "flags": {},
      "order": 5,
      "mode": 0,
      "outputs": [
        {
          "name": "MODEL",
          "type": "MODEL",
          "links": [
            86
          ],
          "shape": 3,
          "slot_index": 0
        },
        {
          "name": "CLIP",
          "type": "CLIP",
          "links": [
            18,
            19
          ],
          "shape": 3,
          "slot_index": 1
        },
        {
          "name": "VAE",
          "type": "VAE",
          "links": null,
          "shape": 3
        }
      ],
      "title": "Load Checkpoint Base",
      "properties": {
        "Node name for S&R": "CheckpointLoaderSimple"
      },
      "widgets_values": [
        "sd_xl_base_1.0.safetensors"
      ]
    },
    {
      "id": 38,
      "type": "CLIPVisionLoader",
      "pos": [
        370,
        180
      ],
      "size": {
        "0": 290,
        "1": 60
      },
      "flags": {},
      "order": 6,
      "mode": 0,
      "outputs": [
        {
          "name": "CLIP_VISION",
          "type": "CLIP_VISION",
          "links": [
            84
          ],
          "shape": 3,
          "slot_index": 0
        }
      ],
      "properties": {
        "Node name for S&R": "CLIPVisionLoader"
      },
      "widgets_values": [
        "IP-Adapter_sdxl_pytorch_model.bin"
      ]
    },
    {
      "id": 46,
      "type": "IPAdapterModelLoader",
      "pos": [
        450,
        80
      ],
      "size": [
        210,
        60
      ],
      "flags": {},
      "order": 7,
      "mode": 0,
      "outputs": [
        {
          "name": "IPADAPTER",
          "type": "IPADAPTER",
          "links": [
            88
          ],
          "shape": 3,
          "slot_index": 0
        }
      ],
      "properties": {
        "Node name for S&R": "IPAdapterModelLoader"
      },
      "widgets_values": [
        "ip-adapter_sdxl.bin"
      ]
    },
    {
      "id": 40,
      "type": "LoadImage",
      "pos": [
        100,
        180
      ],
      "size": {
        "0": 230,
        "1": 314
      },
      "flags": {},
      "order": 8,
      "mode": 0,
      "outputs": [
        {
          "name": "IMAGE",
          "type": "IMAGE",
          "links": [
            83
          ],
          "shape": 3,
          "slot_index": 0
        },
        {
          "name": "MASK",
          "type": "MASK",
          "links": null,
          "shape": 3
        }
      ],
      "properties": {
        "Node name for S&R": "LoadImage"
      },
      "widgets_values": [
        "cwf_portrait.jpg",
        "image"
      ]
    },
    {
      "id": 47,
      "type": "IPAdapterApply",
      "pos": [
        720,
        220
      ],
      "size": [
        210,
        140
      ],
      "flags": {},
      "order": 11,
      "mode": 0,
      "inputs": [
        {
          "name": "ipadapter",
          "type": "IPADAPTER",
          "link": 88
        },
        {
          "name": "clip_vision",
          "type": "CLIP_VISION",
          "link": 84
        },
        {
          "name": "image",
          "type": "IMAGE",
          "link": 83
        },
        {
          "name": "model",
          "type": "MODEL",
          "link": 86
        }
      ],
      "outputs": [
        {
          "name": "MODEL",
          "type": "MODEL",
          "links": [
            87
          ],
          "shape": 3,
          "slot_index": 0
        }
      ],
      "properties": {
        "Node name for S&R": "IPAdapterApply"
      },
      "widgets_values": [
        0.6000000000000001,
        0
      ]
    },
    {
      "id": 36,
      "type": "KSampler",
      "pos": [
        1000,
        470
      ],
      "size": {
        "0": 240,
        "1": 262
      },
      "flags": {},
      "order": 12,
      "mode": 0,
      "inputs": [
        {
          "name": "model",
          "type": "MODEL",
          "link": 87
        },
        {
          "name": "positive",
          "type": "CONDITIONING",
          "link": 57
        },
        {
          "name": "negative",
          "type": "CONDITIONING",
          "link": 58
        },
        {
          "name": "latent_image",
          "type": "LATENT",
          "link": 59
        }
      ],
      "outputs": [
        {
          "name": "LATENT",
          "type": "LATENT",
          "links": [
            62
          ],
          "shape": 3,
          "slot_index": 0
        }
      ],
      "properties": {
        "Node name for S&R": "KSampler"
      },
      "widgets_values": [
        2,
        "fixed",
        20,
        8,
        "ddim",
        "ddim_uniform",
        1
      ]
    }
  ],
  "links": [
    [
      9,
      8,
      0,
      9,
      0,
      "IMAGE"
    ],
    [
      18,
      14,
      1,
      16,
      0,
      "CLIP"
    ],
    [
      19,
      14,
      1,
      19,
      0,
      "CLIP"
    ],
    [
      20,
      21,
      0,
      16,
      1,
      "STRING"
    ],
    [
      22,
      23,
      0,
      19,
      1,
      "STRING"
    ],
    [
      49,
      23,
      0,
      19,
      2,
      "STRING"
    ],
    [
      50,
      21,
      0,
      16,
      2,
      "STRING"
    ],
    [
      57,
      16,
      0,
      36,
      1,
      "CONDITIONING"
    ],
    [
      58,
      19,
      0,
      36,
      2,
      "CONDITIONING"
    ],
    [
      59,
      5,
      0,
      36,
      3,
      "LATENT"
    ],
    [
      61,
      37,
      0,
      8,
      1,
      "VAE"
    ],
    [
      62,
      36,
      0,
      8,
      0,
      "LATENT"
    ],
    [
      83,
      40,
      0,
      47,
      2,
      "IMAGE"
    ],
    [
      84,
      38,
      0,
      47,
      1,
      "CLIP_VISION"
    ],
    [
      86,
      14,
      0,
      47,
      3,
      "MODEL"
    ],
    [
      87,
      47,
      0,
      36,
      0,
      "MODEL"
    ],
    [
      88,
      46,
      0,
      47,
      0,
      "IPADAPTER"
    ]
  ],
  "groups": [],
  "config": {},
  "extra": {},
  "version": 0.4
}