{
  "last_node_id": 39,
  "last_link_id": 68,
  "nodes": [
    {
      "id": 8,
      "type": "VAEDecode",
      "pos": [
        1400,
        200
      ],
      "size": {
        "0": 140,
        "1": 60
      },
      "flags": {},
      "order": 15,
      "mode": 0,
      "inputs": [
        {
          "name": "samples",
          "type": "LATENT",
          "link": 34
        },
        {
          "name": "vae",
          "type": "VAE",
          "link": 64
        }
      ],
      "outputs": [
        {
          "name": "IMAGE",
          "type": "IMAGE",
          "links": [
            9
          ],
          "slot_index": 0
        }
      ],
      "properties": {
        "Node name for S&R": "VAEDecode"
      }
    },
    {
      "id": 5,
      "type": "EmptyLatentImage",
      "pos": [
        140,
        570
      ],
      "size": {
        "0": 210,
        "1": 110
      },
      "flags": {},
      "order": 0,
      "mode": 0,
      "outputs": [
        {
          "name": "LATENT",
          "type": "LATENT",
          "links": [
            47
          ],
          "slot_index": 0
        }
      ],
      "properties": {
        "Node name for S&R": "EmptyLatentImage"
      },
      "widgets_values": [
        1024,
        1024,
        1
      ],
      "color": "#323",
      "bgcolor": "#535"
    },
    {
      "id": 26,
      "type": "PrimitiveNode",
      "pos": [
        140,
        720
      ],
      "size": {
        "0": 210,
        "1": 82
      },
      "flags": {},
      "order": 1,
      "mode": 0,
      "outputs": [
        {
          "name": "INT",
          "type": "INT",
          "links": [
            38,
            39
          ],
          "slot_index": 0,
          "widget": {
            "name": "steps",
            "config": [
              "INT",
              {
                "default": 20,
                "min": 1,
                "max": 10000
              }
            ]
          }
        }
      ],
      "title": "Total steps",
      "properties": {},
      "widgets_values": [
        25,
        "fixed"
      ]
    },
    {
      "id": 23,
      "type": "PrimitiveNode",
      "pos": [
        30,
        240
      ],
      "size": {
        "0": 320,
        "1": 150
      },
      "flags": {},
      "order": 2,
      "mode": 0,
      "outputs": [
        {
          "name": "STRING",
          "type": "STRING",
          "links": [
            53,
            62
          ],
          "slot_index": 0,
          "widget": {
            "name": "text_g",
            "config": [
              "STRING",
              {
                "multiline": true,
                "default": "CLIP_G"
              }
            ]
          }
        }
      ],
      "title": "Prompt: Negative",
      "properties": {},
      "widgets_values": [
        "blurry"
      ],
      "color": "#322",
      "bgcolor": "#533"
    },
    {
      "id": 34,
      "type": "CLIPTextEncode",
      "pos": [
        440,
        490
      ],
      "size": {
        "0": 210,
        "1": 54
      },
      "flags": {},
      "order": 9,
      "mode": 0,
      "inputs": [
        {
          "name": "clip",
          "type": "CLIP",
          "link": 54
        },
        {
          "name": "text",
          "type": "STRING",
          "link": 53,
          "widget": {
            "name": "text",
            "config": [
              "STRING",
              {
                "multiline": true
              }
            ]
          }
        }
      ],
      "outputs": [
        {
          "name": "CONDITIONING",
          "type": "CONDITIONING",
          "links": [
            55
          ],
          "shape": 3,
          "slot_index": 0
        }
      ],
      "properties": {
        "Node name for S&R": "CLIPTextEncode"
      },
      "widgets_values": [
        "blurry"
      ]
    },
    {
      "id": 36,
      "type": "CLIPTextEncode",
      "pos": [
        820,
        280
      ],
      "size": {
        "0": 210,
        "1": 54
      },
      "flags": {},
      "order": 12,
      "mode": 0,
      "inputs": [
        {
          "name": "clip",
          "type": "CLIP",
          "link": 58
        },
        {
          "name": "text",
          "type": "STRING",
          "link": 62,
          "widget": {
            "name": "text",
            "config": [
              "STRING",
              {
                "multiline": true
              }
            ]
          }
        }
      ],
      "outputs": [
        {
          "name": "CONDITIONING",
          "type": "CONDITIONING",
          "links": [
            60
          ],
          "shape": 3,
          "slot_index": 0
        }
      ],
      "properties": {
        "Node name for S&R": "CLIPTextEncode"
      },
      "widgets_values": [
        "blurry"
      ]
    },
    {
      "id": 33,
      "type": "CLIPTextEncode",
      "pos": [
        440,
        400
      ],
      "size": {
        "0": 210,
        "1": 54
      },
      "flags": {},
      "order": 10,
      "mode": 0,
      "inputs": [
        {
          "name": "clip",
          "type": "CLIP",
          "link": 52
        },
        {
          "name": "text",
          "type": "STRING",
          "link": 51,
          "widget": {
            "name": "text",
            "config": [
              "STRING",
              {
                "multiline": true
              }
            ]
          }
        }
      ],
      "outputs": [
        {
          "name": "CONDITIONING",
          "type": "CONDITIONING",
          "links": [
            56
          ],
          "shape": 3,
          "slot_index": 0
        }
      ],
      "properties": {
        "Node name for S&R": "CLIPTextEncode"
      },
      "widgets_values": [
        "a photo of a cat wearing a spacesuit inside a spaceship\n\nhigh resolution, detailed, 4k"
      ]
    },
    {
      "id": 35,
      "type": "CLIPTextEncode",
      "pos": [
        820,
        190
      ],
      "size": {
        "0": 210,
        "1": 54
      },
      "flags": {},
      "order": 11,
      "mode": 0,
      "inputs": [
        {
          "name": "clip",
          "type": "CLIP",
          "link": 57
        },
        {
          "name": "text",
          "type": "STRING",
          "link": 61,
          "widget": {
            "name": "text",
            "config": [
              "STRING",
              {
                "multiline": true
              }
            ]
          }
        }
      ],
      "outputs": [
        {
          "name": "CONDITIONING",
          "type": "CONDITIONING",
          "links": [
            59
          ],
          "shape": 3,
          "slot_index": 0
        }
      ],
      "properties": {
        "Node name for S&R": "CLIPTextEncode"
      },
      "widgets_values": [
        "a photo of a cat wearing a spacesuit inside a spaceship\n\nhigh resolution, detailed, 4k"
      ]
    },
    {
      "id": 14,
      "type": "CheckpointLoaderSimple",
      "pos": [
        30,
        430
      ],
      "size": {
        "0": 320,
        "1": 100
      },
      "flags": {},
      "order": 3,
      "mode": 0,
      "outputs": [
        {
          "name": "MODEL",
          "type": "MODEL",
          "links": [
            35
          ],
          "shape": 3,
          "slot_index": 0
        },
        {
          "name": "CLIP",
          "type": "CLIP",
          "links": [
            52,
            54
          ],
          "shape": 3,
          "slot_index": 1
        },
        {
          "name": "VAE",
          "type": "VAE",
          "links": [],
          "shape": 3,
          "slot_index": 2
        }
      ],
      "title": "Load Checkpoint Base",
      "properties": {
        "Node name for S&R": "CheckpointLoaderSimple"
      },
      "widgets_values": [
        "sd_xl_base_1.0.safetensors"
      ]
    },
    {
      "id": 27,
      "type": "PrimitiveNode",
      "pos": [
        370,
        720
      ],
      "size": {
        "0": 210,
        "1": 82
      },
      "flags": {},
      "order": 4,
      "mode": 0,
      "outputs": [
        {
          "name": "INT",
          "type": "INT",
          "links": [
            41,
            42
          ],
          "slot_index": 0,
          "widget": {
            "name": "end_at_step",
            "config": [
              "INT",
              {
                "default": 10000,
                "min": 0,
                "max": 10000
              }
            ]
          }
        }
      ],
      "title": "Steps spent on Base",
      "properties": {},
      "widgets_values": [
        19,
        "fixed"
      ]
    },
    {
      "id": 28,
      "type": "PrimitiveNode",
      "pos": [
        140,
        850
      ],
      "size": {
        "0": 210,
        "1": 82
      },
      "flags": {},
      "order": 5,
      "mode": 0,
      "outputs": [
        {
          "name": "COMBO",
          "type": "euler,euler_ancestral,heun,dpm_2,dpm_2_ancestral,lms,dpm_fast,dpm_adaptive,dpmpp_2s_ancestral,dpmpp_sde,dpmpp_sde_gpu,dpmpp_2m,dpmpp_2m_sde,dpmpp_2m_sde_gpu,dpmpp_3m_sde,dpmpp_3m_sde_gpu,ddim,uni_pc,uni_pc_bh2",
          "links": [
            43,
            45
          ],
          "slot_index": 0,
          "widget": {
            "name": "sampler_name",
            "config": [
              [
                "euler",
                "euler_ancestral",
                "heun",
                "dpm_2",
                "dpm_2_ancestral",
                "lms",
                "dpm_fast",
                "dpm_adaptive",
                "dpmpp_2s_ancestral",
                "dpmpp_sde",
                "dpmpp_sde_gpu",
                "dpmpp_2m",
                "dpmpp_2m_sde",
                "dpmpp_2m_sde_gpu",
                "dpmpp_3m_sde",
                "dpmpp_3m_sde_gpu",
                "ddim",
                "uni_pc",
                "uni_pc_bh2"
              ]
            ]
          }
        }
      ],
      "title": "Sampler",
      "properties": {},
      "widgets_values": [
        "dpmpp_2m",
        "fixed"
      ]
    },
    {
      "id": 38,
      "type": "PrimitiveNode",
      "pos": [
        370,
        850
      ],
      "size": {
        "0": 210,
        "1": 82
      },
      "flags": {},
      "order": 6,
      "mode": 0,
      "outputs": [
        {
          "name": "COMBO",
          "type": "normal,karras,exponential,sgm_uniform,simple,ddim_uniform",
          "links": [
            67,
            68
          ],
          "slot_index": 0,
          "widget": {
            "name": "scheduler",
            "config": [
              [
                "normal",
                "karras",
                "exponential",
                "sgm_uniform",
                "simple",
                "ddim_uniform"
              ]
            ]
          }
        }
      ],
      "properties": {},
      "widgets_values": [
        "karras",
        "fixed"
      ]
    },
    {
      "id": 21,
      "type": "PrimitiveNode",
      "pos": [
        30,
        60
      ],
      "size": {
        "0": 320,
        "1": 140
      },
      "flags": {},
      "order": 7,
      "mode": 0,
      "outputs": [
        {
          "name": "STRING",
          "type": "STRING",
          "links": [
            51,
            61
          ],
          "slot_index": 0,
          "widget": {
            "name": "text",
            "config": [
              "STRING",
              {
                "multiline": true
              }
            ]
          }
        }
      ],
      "title": "Prompt: Main subject",
      "properties": {},
      "widgets_values": [
        "a photo of a cat wearing a spacesuit inside a spaceship\n\nhigh resolution, detailed, 4k"
      ],
      "color": "#232",
      "bgcolor": "#353"
    },
    {
      "id": 13,
      "type": "KSamplerAdvanced",
      "pos": [
        1080,
        290
      ],
      "size": [
        270,
        322
      ],
      "flags": {},
      "order": 14,
      "mode": 0,
      "inputs": [
        {
          "name": "model",
          "type": "MODEL",
          "link": 36
        },
        {
          "name": "positive",
          "type": "CONDITIONING",
          "link": 59
        },
        {
          "name": "negative",
          "type": "CONDITIONING",
          "link": 60
        },
        {
          "name": "latent_image",
          "type": "LATENT",
          "link": 31
        },
        {
          "name": "steps",
          "type": "INT",
          "link": 39,
          "widget": {
            "name": "steps",
            "config": [
              "INT",
              {
                "default": 20,
                "min": 1,
                "max": 10000
              }
            ]
          }
        },
        {
          "name": "start_at_step",
          "type": "INT",
          "link": 42,
          "widget": {
            "name": "start_at_step",
            "config": [
              "INT",
              {
                "default": 0,
                "min": 0,
                "max": 10000
              }
            ]
          }
        },
        {
          "name": "sampler_name",
          "type": "euler,euler_ancestral,heun,dpm_2,dpm_2_ancestral,lms,dpm_fast,dpm_adaptive,dpmpp_2s_ancestral,dpmpp_sde,dpmpp_sde_gpu,dpmpp_2m,dpmpp_2m_sde,dpmpp_2m_sde_gpu,dpmpp_3m_sde,dpmpp_3m_sde_gpu,ddim,uni_pc,uni_pc_bh2",
          "link": 45,
          "widget": {
            "name": "sampler_name",
            "config": [
              [
                "euler",
                "euler_ancestral",
                "heun",
                "dpm_2",
                "dpm_2_ancestral",
                "lms",
                "dpm_fast",
                "dpm_adaptive",
                "dpmpp_2s_ancestral",
                "dpmpp_sde",
                "dpmpp_sde_gpu",
                "dpmpp_2m",
                "dpmpp_2m_sde",
                "dpmpp_2m_sde_gpu",
                "dpmpp_3m_sde",
                "dpmpp_3m_sde_gpu",
                "ddim",
                "uni_pc",
                "uni_pc_bh2"
              ]
            ]
          }
        },
        {
          "name": "scheduler",
          "type": "normal,karras,exponential,sgm_uniform,simple,ddim_uniform",
          "link": 68,
          "widget": {
            "name": "scheduler",
            "config": [
              [
                "normal",
                "karras",
                "exponential",
                "sgm_uniform",
                "simple",
                "ddim_uniform"
              ]
            ]
          }
        }
      ],
      "outputs": [
        {
          "name": "LATENT",
          "type": "LATENT",
          "links": [
            34
          ],
          "shape": 3,
          "slot_index": 0
        }
      ],
      "title": "KSampler (Refiner)",
      "properties": {
        "Node name for S&R": "KSamplerAdvanced"
      },
      "widgets_values": [
        "disable",
        1071831830945330,
        "fixed",
        25,
        7,
        "dpmpp_2m",
        "karras",
        19,
        10000,
        "disable"
      ]
    },
    {
      "id": 9,
      "type": "SaveImage",
      "pos": [
        1400,
        310
      ],
      "size": {
        "0": 400,
        "1": 450
      },
      "flags": {},
      "order": 16,
      "mode": 0,
      "inputs": [
        {
          "name": "images",
          "type": "IMAGE",
          "link": 9
        }
      ],
      "properties": {},
      "widgets_values": [
        "SDXL"
      ]
    },
    {
      "id": 15,
      "type": "CheckpointLoaderSimple",
      "pos": [
        470,
        210
      ],
      "size": {
        "0": 300,
        "1": 100
      },
      "flags": {},
      "order": 8,
      "mode": 0,
      "outputs": [
        {
          "name": "MODEL",
          "type": "MODEL",
          "links": [
            36
          ],
          "shape": 3,
          "slot_index": 0
        },
        {
          "name": "CLIP",
          "type": "CLIP",
          "links": [
            57,
            58
          ],
          "shape": 3,
          "slot_index": 1
        },
        {
          "name": "VAE",
          "type": "VAE",
          "links": [
            64
          ],
          "shape": 3,
          "slot_index": 2
        }
      ],
      "title": "Load Checkpoint Refiner",
      "properties": {
        "Node name for S&R": "CheckpointLoaderSimple"
      },
      "widgets_values": [
        "sd_xl_refiner_1.0.safetensors"
      ]
    },
    {
      "id": 12,
      "type": "KSamplerAdvanced",
      "pos": [
        720,
        400
      ],
      "size": [
        270,
        322
      ],
      "flags": {},
      "order": 13,
      "mode": 0,
      "inputs": [
        {
          "name": "model",
          "type": "MODEL",
          "link": 35
        },
        {
          "name": "positive",
          "type": "CONDITIONING",
          "link": 56
        },
        {
          "name": "negative",
          "type": "CONDITIONING",
          "link": 55
        },
        {
          "name": "latent_image",
          "type": "LATENT",
          "link": 47
        },
        {
          "name": "steps",
          "type": "INT",
          "link": 38,
          "widget": {
            "name": "steps",
            "config": [
              "INT",
              {
                "default": 20,
                "min": 1,
                "max": 10000
              }
            ]
          }
        },
        {
          "name": "end_at_step",
          "type": "INT",
          "link": 41,
          "widget": {
            "name": "end_at_step",
            "config": [
              "INT",
              {
                "default": 10000,
                "min": 0,
                "max": 10000
              }
            ]
          }
        },
        {
          "name": "sampler_name",
          "type": "euler,euler_ancestral,heun,dpm_2,dpm_2_ancestral,lms,dpm_fast,dpm_adaptive,dpmpp_2s_ancestral,dpmpp_sde,dpmpp_sde_gpu,dpmpp_2m,dpmpp_2m_sde,dpmpp_2m_sde_gpu,dpmpp_3m_sde,dpmpp_3m_sde_gpu,ddim,uni_pc,uni_pc_bh2",
          "link": 43,
          "widget": {
            "name": "sampler_name",
            "config": [
              [
                "euler",
                "euler_ancestral",
                "heun",
                "dpm_2",
                "dpm_2_ancestral",
                "lms",
                "dpm_fast",
                "dpm_adaptive",
                "dpmpp_2s_ancestral",
                "dpmpp_sde",
                "dpmpp_sde_gpu",
                "dpmpp_2m",
                "dpmpp_2m_sde",
                "dpmpp_2m_sde_gpu",
                "dpmpp_3m_sde",
                "dpmpp_3m_sde_gpu",
                "ddim",
                "uni_pc",
                "uni_pc_bh2"
              ]
            ]
          }
        },
        {
          "name": "scheduler",
          "type": "normal,karras,exponential,sgm_uniform,simple,ddim_uniform",
          "link": 67,
          "widget": {
            "name": "scheduler",
            "config": [
              [
                "normal",
                "karras",
                "exponential",
                "sgm_uniform",
                "simple",
                "ddim_uniform"
              ]
            ]
          }
        }
      ],
      "outputs": [
        {
          "name": "LATENT",
          "type": "LATENT",
          "links": [
            31
          ],
          "shape": 3,
          "slot_index": 0
        }
      ],
      "title": "KSampler (Base)",
      "properties": {
        "Node name for S&R": "KSamplerAdvanced"
      },
      "widgets_values": [
        "enable",
        12345,
        "fixed",
        25,
        7,
        "dpmpp_2m",
        "karras",
        0,
        19,
        "enable"
      ]
    },
    {
      "id": 39,
      "type": "Note",
      "pos": [
        -90,
        570
      ],
      "size": [
        210,
        380
      ],
      "flags": {},
      "order": 9,
      "mode": 0,
      "title": "Resolutions",
      "properties": {
        "text": ""
      },
      "widgets_values": [
        "0.5:   704×1408\n0.52:  704×1344\n0.57:  768×1344\n0.6:   768×1280\n0.68:  832×1216\n0.72:  832×1152\n0.78:  896×1152\n0.82:  896×1088\n0.88:  960×1088\n0.94:  960×1024\n1.0:  1024×1024\n1.07:  1024×960\n1.13:  1088×960\n1.21:  1088×896\n1.29:  1152×896\n1.38:  1152×832\n1.46:  1216×832\n1.67:  1280×768\n1.75:  1344×768\n1.91:  1344×704\n2.0:   1408×704\n2.09:  1472×704\n2.4:   1536×640\n2.5:   1600×640\n2.89:  1664×576\n3.0:   1728×576"
      ],
      "color": "#323",
      "bgcolor": "#535"
    }
  ],
  "links": [
    [
      9,
      8,
      0,
      9,
      0,
      "IMAGE"
    ],
    [
      31,
      12,
      0,
      13,
      3,
      "LATENT"
    ],
    [
      34,
      13,
      0,
      8,
      0,
      "LATENT"
    ],
    [
      35,
      14,
      0,
      12,
      0,
      "MODEL"
    ],
    [
      36,
      15,
      0,
      13,
      0,
      "MODEL"
    ],
    [
      38,
      26,
      0,
      12,
      4,
      "INT"
    ],
    [
      39,
      26,
      0,
      13,
      4,
      "INT"
    ],
    [
      41,
      27,
      0,
      12,
      5,
      "INT"
    ],
    [
      42,
      27,
      0,
      13,
      5,
      "INT"
    ],
    [
      43,
      28,
      0,
      12,
      6,
      "euler,euler_ancestral,heun,dpm_2,dpm_2_ancestral,lms,dpm_fast,dpm_adaptive,dpmpp_2s_ancestral,dpmpp_sde,dpmpp_sde_gpu,dpmpp_2m,dpmpp_2m_sde,dpmpp_2m_sde_gpu,dpmpp_3m_sde,dpmpp_3m_sde_gpu,ddim,uni_pc,uni_pc_bh2"
    ],
    [
      45,
      28,
      0,
      13,
      6,
      "euler,euler_ancestral,heun,dpm_2,dpm_2_ancestral,lms,dpm_fast,dpm_adaptive,dpmpp_2s_ancestral,dpmpp_sde,dpmpp_sde_gpu,dpmpp_2m,dpmpp_2m_sde,dpmpp_2m_sde_gpu,dpmpp_3m_sde,dpmpp_3m_sde_gpu,ddim,uni_pc,uni_pc_bh2"
    ],
    [
      47,
      5,
      0,
      12,
      3,
      "LATENT"
    ],
    [
      51,
      21,
      0,
      33,
      1,
      "STRING"
    ],
    [
      52,
      14,
      1,
      33,
      0,
      "CLIP"
    ],
    [
      53,
      23,
      0,
      34,
      1,
      "STRING"
    ],
    [
      54,
      14,
      1,
      34,
      0,
      "CLIP"
    ],
    [
      55,
      34,
      0,
      12,
      2,
      "CONDITIONING"
    ],
    [
      56,
      33,
      0,
      12,
      1,
      "CONDITIONING"
    ],
    [
      57,
      15,
      1,
      35,
      0,
      "CLIP"
    ],
    [
      58,
      15,
      1,
      36,
      0,
      "CLIP"
    ],
    [
      59,
      35,
      0,
      13,
      1,
      "CONDITIONING"
    ],
    [
      60,
      36,
      0,
      13,
      2,
      "CONDITIONING"
    ],
    [
      61,
      21,
      0,
      35,
      1,
      "STRING"
    ],
    [
      62,
      23,
      0,
      36,
      1,
      "STRING"
    ],
    [
      64,
      15,
      2,
      8,
      1,
      "VAE"
    ],
    [
      67,
      38,
      0,
      12,
      7,
      "normal,karras,exponential,sgm_uniform,simple,ddim_uniform"
    ],
    [
      68,
      38,
      0,
      13,
      7,
      "normal,karras,exponential,sgm_uniform,simple,ddim_uniform"
    ]
  ],
  "groups": [],
  "config": {},
  "extra": {},
  "version": 0.4
}