{
  "last_node_id": 85,
  "last_link_id": 146,
  "nodes": [
    {
      "id": 68,
      "type": "Reroute",
      "pos": [
        410,
        190
      ],
      "size": [
        75,
        26
      ],
      "flags": {},
      "order": 5,
      "mode": 0,
      "inputs": [
        {
          "name": "",
          "type": "*",
          "link": 109
        }
      ],
      "outputs": [
        {
          "name": "",
          "type": "MODEL",
          "links": [
            113
          ],
          "slot_index": 0
        }
      ],
      "properties": {
        "showOutputText": false,
        "horizontal": false
      },
      "color": "#223",
      "bgcolor": "#335"
    },
    {
      "id": 7,
      "type": "CLIPTextEncode",
      "pos": [
        410,
        30
      ],
      "size": {
        "0": 230,
        "1": 120
      },
      "flags": {},
      "order": 7,
      "mode": 0,
      "inputs": [
        {
          "name": "clip",
          "type": "CLIP",
          "link": 5
        }
      ],
      "outputs": [
        {
          "name": "CONDITIONING",
          "type": "CONDITIONING",
          "links": [
            106
          ],
          "slot_index": 0
        }
      ],
      "title": "CLIP Text Encode (Negative)",
      "properties": {
        "Node name for S&R": "CLIPTextEncode"
      },
      "widgets_values": [
        "blurry, illustration, naked, horror, distorted, wrong hands"
      ],
      "color": "#322",
      "bgcolor": "#533"
    },
    {
      "id": 6,
      "type": "CLIPTextEncode",
      "pos": [
        410,
        -120
      ],
      "size": {
        "0": 230,
        "1": 110
      },
      "flags": {},
      "order": 6,
      "mode": 0,
      "inputs": [
        {
          "name": "clip",
          "type": "CLIP",
          "link": 3
        }
      ],
      "outputs": [
        {
          "name": "CONDITIONING",
          "type": "CONDITIONING",
          "links": [
            141
          ],
          "slot_index": 0
        }
      ],
      "title": "CLIP Text Encode (Positive)",
      "properties": {
        "Node name for S&R": "CLIPTextEncode"
      },
      "widgets_values": [
        "closeup a woman doing shopping on the street of a futuristic city wearing on a spacesuit, scifi"
      ],
      "color": "#232",
      "bgcolor": "#353"
    },
    {
      "id": 70,
      "type": "VAELoader",
      "pos": [
        30,
        330
      ],
      "size": {
        "0": 300,
        "1": 60
      },
      "flags": {},
      "order": 0,
      "mode": 0,
      "outputs": [
        {
          "name": "VAE",
          "type": "VAE",
          "links": [
            114
          ],
          "shape": 3,
          "slot_index": 0
        }
      ],
      "properties": {
        "Node name for S&R": "VAELoader"
      },
      "widgets_values": [
        "vae-ft-mse-840000-ema-pruned.safetensors"
      ]
    },
    {
      "id": 8,
      "type": "VAEDecode",
      "pos": [
        1270,
        -50
      ],
      "size": {
        "0": 140,
        "1": 60
      },
      "flags": {},
      "order": 12,
      "mode": 0,
      "inputs": [
        {
          "name": "samples",
          "type": "LATENT",
          "link": 7
        },
        {
          "name": "vae",
          "type": "VAE",
          "link": 101
        }
      ],
      "outputs": [
        {
          "name": "IMAGE",
          "type": "IMAGE",
          "links": [
            12,
            13
          ],
          "slot_index": 0
        }
      ],
      "properties": {
        "Node name for S&R": "VAEDecode"
      }
    },
    {
      "id": 11,
      "type": "ImagePadForOutpaint",
      "pos": [
        1480,
        -50
      ],
      "size": {
        "0": 210,
        "1": 174
      },
      "flags": {},
      "order": 13,
      "mode": 0,
      "inputs": [
        {
          "name": "image",
          "type": "IMAGE",
          "link": 12
        }
      ],
      "outputs": [
        {
          "name": "IMAGE",
          "type": "IMAGE",
          "links": [
            15
          ],
          "shape": 3,
          "slot_index": 0
        },
        {
          "name": "MASK",
          "type": "MASK",
          "links": [
            16
          ],
          "shape": 3,
          "slot_index": 1
        }
      ],
      "properties": {
        "Node name for S&R": "ImagePadForOutpaint"
      },
      "widgets_values": [
        256,
        0,
        256,
        0,
        0
      ]
    },
    {
      "id": 4,
      "type": "CheckpointLoaderSimple",
      "pos": [
        30,
        190
      ],
      "size": {
        "0": 300,
        "1": 100
      },
      "flags": {},
      "order": 2,
      "mode": 0,
      "outputs": [
        {
          "name": "MODEL",
          "type": "MODEL",
          "links": [
            109
          ],
          "slot_index": 0
        },
        {
          "name": "CLIP",
          "type": "CLIP",
          "links": [
            3,
            5
          ],
          "slot_index": 1
        },
        {
          "name": "VAE",
          "type": "VAE",
          "links": [],
          "slot_index": 2
        }
      ],
      "properties": {
        "Node name for S&R": "CheckpointLoaderSimple"
      },
      "widgets_values": [
        "dreamshaper_8.safetensors"
      ]
    },
    {
      "id": 3,
      "type": "KSampler",
      "pos": [
        960,
        -50
      ],
      "size": {
        "0": 260,
        "1": 262
      },
      "flags": {},
      "order": 11,
      "mode": 0,
      "inputs": [
        {
          "name": "model",
          "type": "MODEL",
          "link": 113
        },
        {
          "name": "positive",
          "type": "CONDITIONING",
          "link": 141
        },
        {
          "name": "negative",
          "type": "CONDITIONING",
          "link": 112
        },
        {
          "name": "latent_image",
          "type": "LATENT",
          "link": 2
        }
      ],
      "outputs": [
        {
          "name": "LATENT",
          "type": "LATENT",
          "links": [
            7
          ],
          "slot_index": 0
        }
      ],
      "properties": {
        "Node name for S&R": "KSampler"
      },
      "widgets_values": [
        2006,
        "fixed",
        20,
        6.5,
        "dpmpp_3m_sde",
        "sgm_uniform",
        1
      ]
    },
    {
      "id": 78,
      "type": "CLIPTextEncode",
      "pos": [
        1750,
        -240
      ],
      "size": {
        "0": 230,
        "1": 110
      },
      "flags": {},
      "order": 8,
      "mode": 0,
      "inputs": [
        {
          "name": "clip",
          "type": "CLIP",
          "link": 130
        }
      ],
      "outputs": [
        {
          "name": "CONDITIONING",
          "type": "CONDITIONING",
          "links": [
            131
          ],
          "slot_index": 0
        }
      ],
      "title": "CLIP Text Encode (Positive)",
      "properties": {
        "Node name for S&R": "CLIPTextEncode"
      },
      "widgets_values": [
        "the streets of a futuristic city"
      ],
      "color": "#232",
      "bgcolor": "#353"
    },
    {
      "id": 67,
      "type": "Reroute",
      "pos": [
        720,
        30
      ],
      "size": [
        75,
        26
      ],
      "flags": {},
      "order": 10,
      "mode": 0,
      "inputs": [
        {
          "name": "",
          "type": "*",
          "link": 106
        }
      ],
      "outputs": [
        {
          "name": "",
          "type": "CONDITIONING",
          "links": [
            112,
            122,
            140
          ],
          "slot_index": 0
        }
      ],
      "properties": {
        "showOutputText": false,
        "horizontal": false
      },
      "color": "#432",
      "bgcolor": "#653"
    },
    {
      "id": 65,
      "type": "Reroute",
      "pos": [
        410,
        330
      ],
      "size": [
        75,
        26
      ],
      "flags": {},
      "order": 4,
      "mode": 0,
      "inputs": [
        {
          "name": "",
          "type": "*",
          "link": 114
        }
      ],
      "outputs": [
        {
          "name": "",
          "type": "VAE",
          "links": [
            101,
            115,
            116,
            139,
            144
          ],
          "slot_index": 0
        }
      ],
      "properties": {
        "showOutputText": false,
        "horizontal": false
      },
      "color": "#322",
      "bgcolor": "#533"
    },
    {
      "id": 25,
      "type": "CheckpointLoaderSimple",
      "pos": [
        1420,
        -200
      ],
      "size": {
        "0": 270,
        "1": 100
      },
      "flags": {},
      "order": 3,
      "mode": 0,
      "outputs": [
        {
          "name": "MODEL",
          "type": "MODEL",
          "links": [
            25,
            145
          ],
          "slot_index": 0
        },
        {
          "name": "CLIP",
          "type": "CLIP",
          "links": [
            130,
            136
          ],
          "slot_index": 1
        },
        {
          "name": "VAE",
          "type": "VAE",
          "links": [],
          "slot_index": 2
        }
      ],
      "properties": {
        "Node name for S&R": "CheckpointLoaderSimple"
      },
      "widgets_values": [
        "dreamshaper_8Inpainting.safetensors"
      ]
    },
    {
      "id": 21,
      "type": "KSampler",
      "pos": [
        2030,
        -110
      ],
      "size": {
        "0": 210,
        "1": 262
      },
      "flags": {},
      "order": 16,
      "mode": 0,
      "inputs": [
        {
          "name": "model",
          "type": "MODEL",
          "link": 25
        },
        {
          "name": "positive",
          "type": "CONDITIONING",
          "link": 131
        },
        {
          "name": "negative",
          "type": "CONDITIONING",
          "link": 122
        },
        {
          "name": "latent_image",
          "type": "LATENT",
          "link": 18
        }
      ],
      "outputs": [
        {
          "name": "LATENT",
          "type": "LATENT",
          "links": [
            22
          ],
          "slot_index": 0
        }
      ],
      "properties": {
        "Node name for S&R": "KSampler"
      },
      "widgets_values": [
        10011,
        "fixed",
        20,
        7,
        "dpmpp_2m_sde",
        "exponential",
        1
      ]
    },
    {
      "id": 22,
      "type": "PreviewImage",
      "pos": [
        1300,
        410
      ],
      "size": [
        512.965371328125,
        401.9561742382814
      ],
      "flags": {},
      "order": 18,
      "mode": 0,
      "inputs": [
        {
          "name": "images",
          "type": "IMAGE",
          "link": 24
        }
      ],
      "properties": {
        "Node name for S&R": "PreviewImage"
      }
    },
    {
      "id": 15,
      "type": "PreviewImage",
      "pos": [
        1020,
        410
      ],
      "size": [
        260,
        400
      ],
      "flags": {},
      "order": 14,
      "mode": 0,
      "inputs": [
        {
          "name": "images",
          "type": "IMAGE",
          "link": 13
        }
      ],
      "properties": {
        "Node name for S&R": "PreviewImage"
      }
    },
    {
      "id": 81,
      "type": "KSampler",
      "pos": [
        2790,
        -120
      ],
      "size": {
        "0": 210,
        "1": 262
      },
      "flags": {},
      "order": 21,
      "mode": 0,
      "inputs": [
        {
          "name": "model",
          "type": "MODEL",
          "link": 145
        },
        {
          "name": "positive",
          "type": "CONDITIONING",
          "link": 133
        },
        {
          "name": "negative",
          "type": "CONDITIONING",
          "link": 140
        },
        {
          "name": "latent_image",
          "type": "LATENT",
          "link": 135
        }
      ],
      "outputs": [
        {
          "name": "LATENT",
          "type": "LATENT",
          "links": [
            143
          ],
          "slot_index": 0
        }
      ],
      "properties": {
        "Node name for S&R": "KSampler"
      },
      "widgets_values": [
        10000007,
        "fixed",
        20,
        7,
        "dpmpp_2m",
        "karras",
        1
      ]
    },
    {
      "id": 84,
      "type": "VAEDecode",
      "pos": [
        3030,
        -120
      ],
      "size": {
        "0": 140,
        "1": 50
      },
      "flags": {},
      "order": 22,
      "mode": 0,
      "inputs": [
        {
          "name": "samples",
          "type": "LATENT",
          "link": 143
        },
        {
          "name": "vae",
          "type": "VAE",
          "link": 144
        }
      ],
      "outputs": [
        {
          "name": "IMAGE",
          "type": "IMAGE",
          "links": [
            146
          ],
          "slot_index": 0
        }
      ],
      "properties": {
        "Node name for S&R": "VAEDecode"
      }
    },
    {
      "id": 85,
      "type": "SaveImage",
      "pos": [
        1830,
        380
      ],
      "size": [
        550,
        610
      ],
      "flags": {},
      "order": 23,
      "mode": 0,
      "inputs": [
        {
          "name": "images",
          "type": "IMAGE",
          "link": 146
        }
      ],
      "properties": {},
      "widgets_values": [
        "Outpaint"
      ]
    },
    {
      "id": 5,
      "type": "EmptyLatentImage",
      "pos": [
        700,
        140
      ],
      "size": {
        "0": 210,
        "1": 110
      },
      "flags": {},
      "order": 1,
      "mode": 0,
      "outputs": [
        {
          "name": "LATENT",
          "type": "LATENT",
          "links": [
            2
          ],
          "slot_index": 0
        }
      ],
      "properties": {
        "Node name for S&R": "EmptyLatentImage"
      },
      "widgets_values": [
        512,
        768,
        1
      ]
    },
    {
      "id": 23,
      "type": "VAEDecode",
      "pos": [
        2270,
        -110
      ],
      "size": {
        "0": 140,
        "1": 50
      },
      "flags": {},
      "order": 17,
      "mode": 0,
      "inputs": [
        {
          "name": "samples",
          "type": "LATENT",
          "link": 22
        },
        {
          "name": "vae",
          "type": "VAE",
          "link": 116
        }
      ],
      "outputs": [
        {
          "name": "IMAGE",
          "type": "IMAGE",
          "links": [
            24,
            132
          ],
          "slot_index": 0
        }
      ],
      "properties": {
        "Node name for S&R": "VAEDecode"
      }
    },
    {
      "id": 82,
      "type": "CLIPTextEncode",
      "pos": [
        2520,
        -230
      ],
      "size": {
        "0": 230,
        "1": 110
      },
      "flags": {},
      "order": 9,
      "mode": 0,
      "inputs": [
        {
          "name": "clip",
          "type": "CLIP",
          "link": 136
        }
      ],
      "outputs": [
        {
          "name": "CONDITIONING",
          "type": "CONDITIONING",
          "links": [
            133
          ],
          "slot_index": 0
        }
      ],
      "title": "CLIP Text Encode (Positive)",
      "properties": {
        "Node name for S&R": "CLIPTextEncode"
      },
      "widgets_values": [
        "a futuristic city skyscrapers and the sky"
      ],
      "color": "#232",
      "bgcolor": "#353"
    },
    {
      "id": 80,
      "type": "VAEEncodeForInpaint",
      "pos": [
        2520,
        -10
      ],
      "size": {
        "0": 230,
        "1": 100
      },
      "flags": {},
      "order": 20,
      "mode": 0,
      "inputs": [
        {
          "name": "pixels",
          "type": "IMAGE",
          "link": 137
        },
        {
          "name": "vae",
          "type": "VAE",
          "link": 139
        },
        {
          "name": "mask",
          "type": "MASK",
          "link": 138
        }
      ],
      "outputs": [
        {
          "name": "LATENT",
          "type": "LATENT",
          "links": [
            135
          ],
          "shape": 3,
          "slot_index": 0
        }
      ],
      "properties": {
        "Node name for S&R": "VAEEncodeForInpaint"
      },
      "widgets_values": [
        16
      ]
    },
    {
      "id": 12,
      "type": "VAEEncodeForInpaint",
      "pos": [
        1750,
        20
      ],
      "size": {
        "0": 230,
        "1": 100
      },
      "flags": {},
      "order": 15,
      "mode": 0,
      "inputs": [
        {
          "name": "pixels",
          "type": "IMAGE",
          "link": 15
        },
        {
          "name": "vae",
          "type": "VAE",
          "link": 115
        },
        {
          "name": "mask",
          "type": "MASK",
          "link": 16
        }
      ],
      "outputs": [
        {
          "name": "LATENT",
          "type": "LATENT",
          "links": [
            18
          ],
          "shape": 3,
          "slot_index": 0
        }
      ],
      "properties": {
        "Node name for S&R": "VAEEncodeForInpaint"
      },
      "widgets_values": [
        16
      ]
    },
    {
      "id": 79,
      "type": "ImagePadForOutpaint",
      "pos": [
        2270,
        60
      ],
      "size": {
        "0": 210,
        "1": 174
      },
      "flags": {},
      "order": 19,
      "mode": 0,
      "inputs": [
        {
          "name": "image",
          "type": "IMAGE",
          "link": 132
        }
      ],
      "outputs": [
        {
          "name": "IMAGE",
          "type": "IMAGE",
          "links": [
            137
          ],
          "shape": 3,
          "slot_index": 0
        },
        {
          "name": "MASK",
          "type": "MASK",
          "links": [
            138
          ],
          "shape": 3,
          "slot_index": 1
        }
      ],
      "properties": {
        "Node name for S&R": "ImagePadForOutpaint"
      },
      "widgets_values": [
        0,
        256,
        0,
        0,
        0
      ]
    }
  ],
  "links": [
    [
      2,
      5,
      0,
      3,
      3,
      "LATENT"
    ],
    [
      3,
      4,
      1,
      6,
      0,
      "CLIP"
    ],
    [
      5,
      4,
      1,
      7,
      0,
      "CLIP"
    ],
    [
      7,
      3,
      0,
      8,
      0,
      "LATENT"
    ],
    [
      12,
      8,
      0,
      11,
      0,
      "IMAGE"
    ],
    [
      13,
      8,
      0,
      15,
      0,
      "IMAGE"
    ],
    [
      15,
      11,
      0,
      12,
      0,
      "IMAGE"
    ],
    [
      16,
      11,
      1,
      12,
      2,
      "MASK"
    ],
    [
      18,
      12,
      0,
      21,
      3,
      "LATENT"
    ],
    [
      22,
      21,
      0,
      23,
      0,
      "LATENT"
    ],
    [
      24,
      23,
      0,
      22,
      0,
      "IMAGE"
    ],
    [
      25,
      25,
      0,
      21,
      0,
      "MODEL"
    ],
    [
      101,
      65,
      0,
      8,
      1,
      "VAE"
    ],
    [
      106,
      7,
      0,
      67,
      0,
      "*"
    ],
    [
      109,
      4,
      0,
      68,
      0,
      "*"
    ],
    [
      112,
      67,
      0,
      3,
      2,
      "CONDITIONING"
    ],
    [
      113,
      68,
      0,
      3,
      0,
      "MODEL"
    ],
    [
      114,
      70,
      0,
      65,
      0,
      "*"
    ],
    [
      115,
      65,
      0,
      12,
      1,
      "VAE"
    ],
    [
      116,
      65,
      0,
      23,
      1,
      "VAE"
    ],
    [
      122,
      67,
      0,
      21,
      2,
      "CONDITIONING"
    ],
    [
      130,
      25,
      1,
      78,
      0,
      "CLIP"
    ],
    [
      131,
      78,
      0,
      21,
      1,
      "CONDITIONING"
    ],
    [
      132,
      23,
      0,
      79,
      0,
      "IMAGE"
    ],
    [
      133,
      82,
      0,
      81,
      1,
      "CONDITIONING"
    ],
    [
      135,
      80,
      0,
      81,
      3,
      "LATENT"
    ],
    [
      136,
      25,
      1,
      82,
      0,
      "CLIP"
    ],
    [
      137,
      79,
      0,
      80,
      0,
      "IMAGE"
    ],
    [
      138,
      79,
      1,
      80,
      2,
      "MASK"
    ],
    [
      139,
      65,
      0,
      80,
      1,
      "VAE"
    ],
    [
      140,
      67,
      0,
      81,
      2,
      "CONDITIONING"
    ],
    [
      141,
      6,
      0,
      3,
      1,
      "CONDITIONING"
    ],
    [
      143,
      81,
      0,
      84,
      0,
      "LATENT"
    ],
    [
      144,
      65,
      0,
      84,
      1,
      "VAE"
    ],
    [
      145,
      25,
      0,
      81,
      0,
      "MODEL"
    ],
    [
      146,
      84,
      0,
      85,
      0,
      "IMAGE"
    ]
  ],
  "groups": [],
  "config": {},
  "extra": {},
  "version": 0.4
}