{
  "last_node_id": 41,
  "last_link_id": 71,
  "nodes": [
    {
      "id": 23,
      "type": "PrimitiveNode",
      "pos": [
        30,
        380
      ],
      "size": {
        "0": 320,
        "1": 150
      },
      "flags": {},
      "order": 0,
      "mode": 0,
      "outputs": [
        {
          "name": "STRING",
          "type": "STRING",
          "links": [
            22,
            24,
            49
          ],
          "slot_index": 0,
          "widget": {
            "name": "text_g",
            "config": [
              "STRING",
              {
                "multiline": true,
                "default": "CLIP_G"
              }
            ]
          }
        }
      ],
      "title": "Prompt: Negative",
      "properties": {},
      "widgets_values": [
        "blurry, rendering, illustration"
      ],
      "color": "#322",
      "bgcolor": "#533"
    },
    {
      "id": 5,
      "type": "EmptyLatentImage",
      "pos": [
        140,
        710
      ],
      "size": {
        "0": 210,
        "1": 110
      },
      "flags": {},
      "order": 1,
      "mode": 0,
      "outputs": [
        {
          "name": "LATENT",
          "type": "LATENT",
          "links": [
            62
          ],
          "slot_index": 0
        }
      ],
      "properties": {
        "Node name for S&R": "EmptyLatentImage"
      },
      "widgets_values": [
        1024,
        1024,
        1
      ],
      "color": "#323",
      "bgcolor": "#535"
    },
    {
      "id": 29,
      "type": "PrimitiveNode",
      "pos": [
        1090,
        930
      ],
      "size": {
        "0": 210,
        "1": 82
      },
      "flags": {},
      "order": 3,
      "mode": 0,
      "outputs": [
        {
          "name": "COMBO",
          "type": "normal,karras,exponential,sgm_uniform,simple,ddim_uniform",
          "links": [
            54,
            55
          ],
          "slot_index": 0,
          "widget": {
            "name": "scheduler",
            "config": [
              [
                "normal",
                "karras",
                "exponential",
                "sgm_uniform",
                "simple",
                "ddim_uniform"
              ]
            ]
          }
        }
      ],
      "title": "Scheduler",
      "properties": {},
      "widgets_values": [
        "karras",
        "fixed"
      ]
    },
    {
      "id": 28,
      "type": "PrimitiveNode",
      "pos": [
        860,
        930
      ],
      "size": {
        "0": 210,
        "1": 82
      },
      "flags": {},
      "order": 4,
      "mode": 0,
      "outputs": [
        {
          "name": "COMBO",
          "type": "euler,euler_ancestral,heun,dpm_2,dpm_2_ancestral,lms,dpm_fast,dpm_adaptive,dpmpp_2s_ancestral,dpmpp_sde,dpmpp_sde_gpu,dpmpp_2m,dpmpp_2m_sde,dpmpp_2m_sde_gpu,dpmpp_3m_sde,dpmpp_3m_sde_gpu,ddim,uni_pc,uni_pc_bh2",
          "links": [
            52,
            56
          ],
          "slot_index": 0,
          "widget": {
            "name": "sampler_name",
            "config": [
              [
                "euler",
                "euler_ancestral",
                "heun",
                "dpm_2",
                "dpm_2_ancestral",
                "lms",
                "dpm_fast",
                "dpm_adaptive",
                "dpmpp_2s_ancestral",
                "dpmpp_sde",
                "dpmpp_sde_gpu",
                "dpmpp_2m",
                "dpmpp_2m_sde",
                "dpmpp_2m_sde_gpu",
                "dpmpp_3m_sde",
                "dpmpp_3m_sde_gpu",
                "ddim",
                "uni_pc",
                "uni_pc_bh2"
              ]
            ]
          }
        }
      ],
      "title": "Sampler",
      "properties": {},
      "widgets_values": [
        "dpmpp_2m",
        "fixed"
      ]
    },
    {
      "id": 24,
      "type": "CLIPTextEncodeSDXLRefiner",
      "pos": [
        1320,
        250
      ],
      "size": {
        "0": 220,
        "1": 130
      },
      "flags": {},
      "order": 11,
      "mode": 0,
      "inputs": [
        {
          "name": "clip",
          "type": "CLIP",
          "link": 27
        },
        {
          "name": "text",
          "type": "STRING",
          "link": 24,
          "widget": {
            "name": "text",
            "config": [
              "STRING",
              {
                "multiline": true
              }
            ]
          }
        }
      ],
      "outputs": [
        {
          "name": "CONDITIONING",
          "type": "CONDITIONING",
          "links": [
            33
          ],
          "shape": 3,
          "slot_index": 0
        }
      ],
      "properties": {
        "Node name for S&R": "CLIPTextEncodeSDXLRefiner"
      },
      "widgets_values": [
        3,
        1024,
        1024,
        "blurry, rendering, illustration"
      ]
    },
    {
      "id": 21,
      "type": "PrimitiveNode",
      "pos": [
        30,
        200
      ],
      "size": {
        "0": 320,
        "1": 140
      },
      "flags": {},
      "order": 6,
      "mode": 0,
      "outputs": [
        {
          "name": "STRING",
          "type": "STRING",
          "links": [
            20,
            25,
            50
          ],
          "slot_index": 0,
          "widget": {
            "name": "text_g",
            "config": [
              "STRING",
              {
                "multiline": true,
                "default": "CLIP_G"
              }
            ]
          }
        }
      ],
      "title": "Prompt: Main subject",
      "properties": {},
      "widgets_values": [
        "a photo of a cat wearing a spacesuit inside a spaceship\n\nhigh resolution, detailed, 4k"
      ],
      "color": "#232",
      "bgcolor": "#353"
    },
    {
      "id": 14,
      "type": "CheckpointLoaderSimple",
      "pos": [
        30,
        570
      ],
      "size": {
        "0": 320,
        "1": 100
      },
      "flags": {},
      "order": 8,
      "mode": 0,
      "outputs": [
        {
          "name": "MODEL",
          "type": "MODEL",
          "links": [
            59,
            71
          ],
          "shape": 3,
          "slot_index": 0
        },
        {
          "name": "CLIP",
          "type": "CLIP",
          "links": [
            18,
            19
          ],
          "shape": 3,
          "slot_index": 1
        },
        {
          "name": "VAE",
          "type": "VAE",
          "links": null,
          "shape": 3
        }
      ],
      "title": "Load Checkpoint Base",
      "properties": {
        "Node name for S&R": "CheckpointLoaderSimple"
      },
      "widgets_values": [
        "sd_xl_base_1.0.safetensors"
      ]
    },
    {
      "id": 41,
      "type": "LatentUpscaleBy",
      "pos": [
        1110,
        570
      ],
      "size": [
        210,
        82
      ],
      "flags": {},
      "order": 17,
      "mode": 0,
      "inputs": [
        {
          "name": "samples",
          "type": "LATENT",
          "link": 67
        }
      ],
      "outputs": [
        {
          "name": "LATENT",
          "type": "LATENT",
          "links": [
            68
          ],
          "shape": 3,
          "slot_index": 0
        }
      ],
      "properties": {
        "Node name for S&R": "LatentUpscaleBy"
      },
      "widgets_values": [
        "bilinear",
        1.5
      ]
    },
    {
      "id": 15,
      "type": "CheckpointLoaderSimple",
      "pos": [
        930,
        150
      ],
      "size": {
        "0": 300,
        "1": 100
      },
      "flags": {},
      "order": 5,
      "mode": 0,
      "outputs": [
        {
          "name": "MODEL",
          "type": "MODEL",
          "links": [
            36
          ],
          "shape": 3,
          "slot_index": 0
        },
        {
          "name": "CLIP",
          "type": "CLIP",
          "links": [
            26,
            27
          ],
          "shape": 3,
          "slot_index": 1
        },
        {
          "name": "VAE",
          "type": "VAE",
          "links": [],
          "shape": 3,
          "slot_index": 2
        }
      ],
      "title": "Load Checkpoint Refiner",
      "properties": {
        "Node name for S&R": "CheckpointLoaderSimple"
      },
      "widgets_values": [
        "sd_xl_refiner_1.0.safetensors"
      ]
    },
    {
      "id": 33,
      "type": "VAELoader",
      "pos": [
        740,
        350
      ],
      "size": {
        "0": 270,
        "1": 60
      },
      "flags": {},
      "order": 7,
      "mode": 0,
      "outputs": [
        {
          "name": "VAE",
          "type": "VAE",
          "links": [
            51,
            65
          ],
          "shape": 3,
          "slot_index": 0
        }
      ],
      "properties": {
        "Node name for S&R": "VAELoader"
      },
      "widgets_values": [
        "sdxl_vae.safetensors"
      ]
    },
    {
      "id": 38,
      "type": "KSampler",
      "pos": [
        740,
        460
      ],
      "size": [
        315,
        262
      ],
      "flags": {},
      "order": 15,
      "mode": 0,
      "inputs": [
        {
          "name": "model",
          "type": "MODEL",
          "link": 59
        },
        {
          "name": "positive",
          "type": "CONDITIONING",
          "link": 60
        },
        {
          "name": "negative",
          "type": "CONDITIONING",
          "link": 61
        },
        {
          "name": "latent_image",
          "type": "LATENT",
          "link": 62
        }
      ],
      "outputs": [
        {
          "name": "LATENT",
          "type": "LATENT",
          "links": [
            64,
            67
          ],
          "shape": 3,
          "slot_index": 0
        }
      ],
      "properties": {
        "Node name for S&R": "KSampler"
      },
      "widgets_values": [
        1029608957339065,
        "fixed",
        15,
        8,
        "dpmpp_2m",
        "karras",
        1
      ]
    },
    {
      "id": 16,
      "type": "CLIPTextEncodeSDXL",
      "pos": [
        460,
        280
      ],
      "size": {
        "0": 220,
        "1": 220
      },
      "flags": {},
      "order": 13,
      "mode": 0,
      "inputs": [
        {
          "name": "clip",
          "type": "CLIP",
          "link": 18
        },
        {
          "name": "text_g",
          "type": "STRING",
          "link": 20,
          "widget": {
            "name": "text_g",
            "config": [
              "STRING",
              {
                "multiline": true,
                "default": "CLIP_G"
              }
            ]
          }
        },
        {
          "name": "text_l",
          "type": "STRING",
          "link": 50,
          "widget": {
            "name": "text_l",
            "config": [
              "STRING",
              {
                "multiline": true,
                "default": "CLIP_L"
              }
            ]
          }
        }
      ],
      "outputs": [
        {
          "name": "CONDITIONING",
          "type": "CONDITIONING",
          "links": [
            60,
            70
          ],
          "shape": 3,
          "slot_index": 0
        }
      ],
      "properties": {
        "Node name for S&R": "CLIPTextEncodeSDXL"
      },
      "widgets_values": [
        4096,
        4096,
        0,
        0,
        4096,
        4096,
        "a photo of a cat wearing a spacesuit inside a spaceship\n\nhigh resolution, detailed, 4k",
        "a photo of a cat wearing a spacesuit inside a spaceship\n\nhigh resolution, detailed, 4k"
      ]
    },
    {
      "id": 19,
      "type": "CLIPTextEncodeSDXL",
      "pos": [
        460,
        550
      ],
      "size": {
        "0": 220,
        "1": 220
      },
      "flags": {},
      "order": 14,
      "mode": 0,
      "inputs": [
        {
          "name": "clip",
          "type": "CLIP",
          "link": 19
        },
        {
          "name": "text_g",
          "type": "STRING",
          "link": 22,
          "widget": {
            "name": "text_g",
            "config": [
              "STRING",
              {
                "multiline": true,
                "default": "CLIP_G"
              }
            ]
          }
        },
        {
          "name": "text_l",
          "type": "STRING",
          "link": 49,
          "widget": {
            "name": "text_l",
            "config": [
              "STRING",
              {
                "multiline": true,
                "default": "CLIP_L"
              }
            ]
          }
        }
      ],
      "outputs": [
        {
          "name": "CONDITIONING",
          "type": "CONDITIONING",
          "links": [
            61,
            69
          ],
          "shape": 3,
          "slot_index": 0
        }
      ],
      "properties": {
        "Node name for S&R": "CLIPTextEncodeSDXL"
      },
      "widgets_values": [
        4096,
        4096,
        0,
        0,
        4096,
        4096,
        "blurry, rendering, illustration",
        "blurry, rendering, illustration"
      ]
    },
    {
      "id": 12,
      "type": "KSamplerAdvanced",
      "pos": [
        1380,
        520
      ],
      "size": [
        260,
        320
      ],
      "flags": {},
      "order": 19,
      "mode": 0,
      "inputs": [
        {
          "name": "model",
          "type": "MODEL",
          "link": 71
        },
        {
          "name": "positive",
          "type": "CONDITIONING",
          "link": 70
        },
        {
          "name": "negative",
          "type": "CONDITIONING",
          "link": 69
        },
        {
          "name": "latent_image",
          "type": "LATENT",
          "link": 68
        },
        {
          "name": "steps",
          "type": "INT",
          "link": 38,
          "widget": {
            "name": "steps",
            "config": [
              "INT",
              {
                "default": 20,
                "min": 1,
                "max": 10000
              }
            ]
          }
        },
        {
          "name": "end_at_step",
          "type": "INT",
          "link": 41,
          "widget": {
            "name": "end_at_step",
            "config": [
              "INT",
              {
                "default": 10000,
                "min": 0,
                "max": 10000
              }
            ]
          }
        },
        {
          "name": "sampler_name",
          "type": "euler,euler_ancestral,heun,dpm_2,dpm_2_ancestral,lms,dpm_fast,dpm_adaptive,dpmpp_2s_ancestral,dpmpp_sde,dpmpp_sde_gpu,dpmpp_2m,dpmpp_2m_sde,dpmpp_2m_sde_gpu,dpmpp_3m_sde,dpmpp_3m_sde_gpu,ddim,uni_pc,uni_pc_bh2",
          "link": 52,
          "widget": {
            "name": "sampler_name",
            "config": [
              [
                "euler",
                "euler_ancestral",
                "heun",
                "dpm_2",
                "dpm_2_ancestral",
                "lms",
                "dpm_fast",
                "dpm_adaptive",
                "dpmpp_2s_ancestral",
                "dpmpp_sde",
                "dpmpp_sde_gpu",
                "dpmpp_2m",
                "dpmpp_2m_sde",
                "dpmpp_2m_sde_gpu",
                "dpmpp_3m_sde",
                "dpmpp_3m_sde_gpu",
                "ddim",
                "uni_pc",
                "uni_pc_bh2"
              ]
            ]
          }
        },
        {
          "name": "scheduler",
          "type": "normal,karras,exponential,sgm_uniform,simple,ddim_uniform",
          "link": 54,
          "widget": {
            "name": "scheduler",
            "config": [
              [
                "normal",
                "karras",
                "exponential",
                "sgm_uniform",
                "simple",
                "ddim_uniform"
              ]
            ]
          }
        }
      ],
      "outputs": [
        {
          "name": "LATENT",
          "type": "LATENT",
          "links": [
            31
          ],
          "shape": 3,
          "slot_index": 0
        }
      ],
      "title": "KSampler (Base)",
      "properties": {
        "Node name for S&R": "KSamplerAdvanced"
      },
      "widgets_values": [
        "enable",
        1,
        "fixed",
        20,
        7,
        "dpmpp_2m",
        "karras",
        5,
        15,
        "enable"
      ]
    },
    {
      "id": 9,
      "type": "SaveImage",
      "pos": [
        1840,
        900
      ],
      "size": [
        570,
        630
      ],
      "flags": {},
      "order": 22,
      "mode": 0,
      "inputs": [
        {
          "name": "images",
          "type": "IMAGE",
          "link": 9
        }
      ],
      "properties": {},
      "widgets_values": [
        "SDXL"
      ]
    },
    {
      "id": 13,
      "type": "KSamplerAdvanced",
      "pos": [
        1690,
        520
      ],
      "size": [
        260,
        320
      ],
      "flags": {},
      "order": 20,
      "mode": 0,
      "inputs": [
        {
          "name": "model",
          "type": "MODEL",
          "link": 36
        },
        {
          "name": "positive",
          "type": "CONDITIONING",
          "link": 32
        },
        {
          "name": "negative",
          "type": "CONDITIONING",
          "link": 33
        },
        {
          "name": "latent_image",
          "type": "LATENT",
          "link": 31
        },
        {
          "name": "steps",
          "type": "INT",
          "link": 39,
          "widget": {
            "name": "steps",
            "config": [
              "INT",
              {
                "default": 20,
                "min": 1,
                "max": 10000
              }
            ]
          }
        },
        {
          "name": "start_at_step",
          "type": "INT",
          "link": 42,
          "widget": {
            "name": "start_at_step",
            "config": [
              "INT",
              {
                "default": 0,
                "min": 0,
                "max": 10000
              }
            ]
          }
        },
        {
          "name": "sampler_name",
          "type": "euler,euler_ancestral,heun,dpm_2,dpm_2_ancestral,lms,dpm_fast,dpm_adaptive,dpmpp_2s_ancestral,dpmpp_sde,dpmpp_sde_gpu,dpmpp_2m,dpmpp_2m_sde,dpmpp_2m_sde_gpu,dpmpp_3m_sde,dpmpp_3m_sde_gpu,ddim,uni_pc,uni_pc_bh2",
          "link": 56,
          "widget": {
            "name": "sampler_name",
            "config": [
              [
                "euler",
                "euler_ancestral",
                "heun",
                "dpm_2",
                "dpm_2_ancestral",
                "lms",
                "dpm_fast",
                "dpm_adaptive",
                "dpmpp_2s_ancestral",
                "dpmpp_sde",
                "dpmpp_sde_gpu",
                "dpmpp_2m",
                "dpmpp_2m_sde",
                "dpmpp_2m_sde_gpu",
                "dpmpp_3m_sde",
                "dpmpp_3m_sde_gpu",
                "ddim",
                "uni_pc",
                "uni_pc_bh2"
              ]
            ]
          }
        },
        {
          "name": "scheduler",
          "type": "normal,karras,exponential,sgm_uniform,simple,ddim_uniform",
          "link": 55,
          "widget": {
            "name": "scheduler",
            "config": [
              [
                "normal",
                "karras",
                "exponential",
                "sgm_uniform",
                "simple",
                "ddim_uniform"
              ]
            ]
          }
        }
      ],
      "outputs": [
        {
          "name": "LATENT",
          "type": "LATENT",
          "links": [
            34
          ],
          "shape": 3,
          "slot_index": 0
        }
      ],
      "title": "KSampler (Refiner)",
      "properties": {
        "Node name for S&R": "KSamplerAdvanced"
      },
      "widgets_values": [
        "disable",
        873258555507156,
        "fixed",
        20,
        7,
        "dpmpp_2m",
        "karras",
        15,
        10000,
        "disable"
      ]
    },
    {
      "id": 8,
      "type": "VAEDecode",
      "pos": [
        1980,
        520
      ],
      "size": {
        "0": 140,
        "1": 60
      },
      "flags": {},
      "order": 21,
      "mode": 0,
      "inputs": [
        {
          "name": "samples",
          "type": "LATENT",
          "link": 34
        },
        {
          "name": "vae",
          "type": "VAE",
          "link": 51
        }
      ],
      "outputs": [
        {
          "name": "IMAGE",
          "type": "IMAGE",
          "links": [
            9
          ],
          "slot_index": 0
        }
      ],
      "properties": {
        "Node name for S&R": "VAEDecode"
      }
    },
    {
      "id": 27,
      "type": "PrimitiveNode",
      "pos": [
        1090,
        800
      ],
      "size": {
        "0": 210,
        "1": 82
      },
      "flags": {},
      "order": 10,
      "mode": 0,
      "outputs": [
        {
          "name": "INT",
          "type": "INT",
          "links": [
            41,
            42
          ],
          "slot_index": 0,
          "widget": {
            "name": "end_at_step",
            "config": [
              "INT",
              {
                "default": 10000,
                "min": 0,
                "max": 10000
              }
            ]
          }
        }
      ],
      "title": "Steps spent on Base",
      "properties": {},
      "widgets_values": [
        15,
        "fixed"
      ]
    },
    {
      "id": 26,
      "type": "PrimitiveNode",
      "pos": [
        860,
        800
      ],
      "size": {
        "0": 210,
        "1": 82
      },
      "flags": {},
      "order": 9,
      "mode": 0,
      "outputs": [
        {
          "name": "INT",
          "type": "INT",
          "links": [
            38,
            39
          ],
          "slot_index": 0,
          "widget": {
            "name": "steps",
            "config": [
              "INT",
              {
                "default": 20,
                "min": 1,
                "max": 10000
              }
            ]
          }
        }
      ],
      "title": "Total steps",
      "properties": {},
      "widgets_values": [
        20,
        "fixed"
      ]
    },
    {
      "id": 40,
      "type": "PreviewImage",
      "pos": [
        1380,
        900
      ],
      "size": [
        430,
        460
      ],
      "flags": {},
      "order": 18,
      "mode": 0,
      "inputs": [
        {
          "name": "images",
          "type": "IMAGE",
          "link": 66
        }
      ],
      "properties": {
        "Node name for S&R": "PreviewImage"
      }
    },
    {
      "id": 39,
      "type": "VAEDecode",
      "pos": [
        1110,
        460
      ],
      "size": {
        "0": 140,
        "1": 60
      },
      "flags": {},
      "order": 16,
      "mode": 0,
      "inputs": [
        {
          "name": "samples",
          "type": "LATENT",
          "link": 64
        },
        {
          "name": "vae",
          "type": "VAE",
          "link": 65
        }
      ],
      "outputs": [
        {
          "name": "IMAGE",
          "type": "IMAGE",
          "links": [
            66
          ],
          "slot_index": 0
        }
      ],
      "properties": {
        "Node name for S&R": "VAEDecode"
      }
    },
    {
      "id": 32,
      "type": "Note",
      "pos": [
        -80,
        710
      ],
      "size": {
        "0": 210,
        "1": 380
      },
      "flags": {},
      "order": 2,
      "mode": 0,
      "title": "Resolutions",
      "properties": {
        "text": ""
      },
      "widgets_values": [
        "0.5:   704×1408\n0.52:  704×1344\n0.57:  768×1344\n0.6:   768×1280\n0.68:  832×1216\n0.72:  832×1152\n0.78:  896×1152\n0.82:  896×1088\n0.88:  960×1088\n0.94:  960×1024\n1.0:  1024×1024\n1.07:  1024×960\n1.13:  1088×960\n1.21:  1088×896\n1.29:  1152×896\n1.38:  1152×832\n1.46:  1216×832\n1.67:  1280×768\n1.75:  1344×768\n1.91:  1344×704\n2.0:   1408×704\n2.09:  1472×704\n2.4:   1536×640\n2.5:   1600×640\n2.89:  1664×576\n3.0:   1728×576"
      ],
      "color": "#323",
      "bgcolor": "#535"
    },
    {
      "id": 17,
      "type": "CLIPTextEncodeSDXLRefiner",
      "pos": [
        1320,
        50
      ],
      "size": {
        "0": 220,
        "1": 130
      },
      "flags": {},
      "order": 12,
      "mode": 0,
      "inputs": [
        {
          "name": "clip",
          "type": "CLIP",
          "link": 26
        },
        {
          "name": "text",
          "type": "STRING",
          "link": 25,
          "widget": {
            "name": "text",
            "config": [
              "STRING",
              {
                "multiline": true
              }
            ]
          }
        }
      ],
      "outputs": [
        {
          "name": "CONDITIONING",
          "type": "CONDITIONING",
          "links": [
            32
          ],
          "shape": 3,
          "slot_index": 0
        }
      ],
      "properties": {
        "Node name for S&R": "CLIPTextEncodeSDXLRefiner"
      },
      "widgets_values": [
        6,
        1024,
        1024,
        "a photo of a cat wearing a spacesuit inside a spaceship\n\nhigh resolution, detailed, 4k"
      ]
    }
  ],
  "links": [
    [
      9,
      8,
      0,
      9,
      0,
      "IMAGE"
    ],
    [
      18,
      14,
      1,
      16,
      0,
      "CLIP"
    ],
    [
      19,
      14,
      1,
      19,
      0,
      "CLIP"
    ],
    [
      20,
      21,
      0,
      16,
      1,
      "STRING"
    ],
    [
      22,
      23,
      0,
      19,
      1,
      "STRING"
    ],
    [
      24,
      23,
      0,
      24,
      1,
      "STRING"
    ],
    [
      25,
      21,
      0,
      17,
      1,
      "STRING"
    ],
    [
      26,
      15,
      1,
      17,
      0,
      "CLIP"
    ],
    [
      27,
      15,
      1,
      24,
      0,
      "CLIP"
    ],
    [
      31,
      12,
      0,
      13,
      3,
      "LATENT"
    ],
    [
      32,
      17,
      0,
      13,
      1,
      "CONDITIONING"
    ],
    [
      33,
      24,
      0,
      13,
      2,
      "CONDITIONING"
    ],
    [
      34,
      13,
      0,
      8,
      0,
      "LATENT"
    ],
    [
      36,
      15,
      0,
      13,
      0,
      "MODEL"
    ],
    [
      38,
      26,
      0,
      12,
      4,
      "INT"
    ],
    [
      39,
      26,
      0,
      13,
      4,
      "INT"
    ],
    [
      41,
      27,
      0,
      12,
      5,
      "INT"
    ],
    [
      42,
      27,
      0,
      13,
      5,
      "INT"
    ],
    [
      49,
      23,
      0,
      19,
      2,
      "STRING"
    ],
    [
      50,
      21,
      0,
      16,
      2,
      "STRING"
    ],
    [
      51,
      33,
      0,
      8,
      1,
      "VAE"
    ],
    [
      52,
      28,
      0,
      12,
      6,
      "euler,euler_ancestral,heun,dpm_2,dpm_2_ancestral,lms,dpm_fast,dpm_adaptive,dpmpp_2s_ancestral,dpmpp_sde,dpmpp_sde_gpu,dpmpp_2m,dpmpp_2m_sde,dpmpp_2m_sde_gpu,dpmpp_3m_sde,dpmpp_3m_sde_gpu,ddim,uni_pc,uni_pc_bh2"
    ],
    [
      54,
      29,
      0,
      12,
      7,
      "normal,karras,exponential,sgm_uniform,simple,ddim_uniform"
    ],
    [
      55,
      29,
      0,
      13,
      7,
      "normal,karras,exponential,sgm_uniform,simple,ddim_uniform"
    ],
    [
      56,
      28,
      0,
      13,
      6,
      "euler,euler_ancestral,heun,dpm_2,dpm_2_ancestral,lms,dpm_fast,dpm_adaptive,dpmpp_2s_ancestral,dpmpp_sde,dpmpp_sde_gpu,dpmpp_2m,dpmpp_2m_sde,dpmpp_2m_sde_gpu,dpmpp_3m_sde,dpmpp_3m_sde_gpu,ddim,uni_pc,uni_pc_bh2"
    ],
    [
      59,
      14,
      0,
      38,
      0,
      "MODEL"
    ],
    [
      60,
      16,
      0,
      38,
      1,
      "CONDITIONING"
    ],
    [
      61,
      19,
      0,
      38,
      2,
      "CONDITIONING"
    ],
    [
      62,
      5,
      0,
      38,
      3,
      "LATENT"
    ],
    [
      64,
      38,
      0,
      39,
      0,
      "LATENT"
    ],
    [
      65,
      33,
      0,
      39,
      1,
      "VAE"
    ],
    [
      66,
      39,
      0,
      40,
      0,
      "IMAGE"
    ],
    [
      67,
      38,
      0,
      41,
      0,
      "LATENT"
    ],
    [
      68,
      41,
      0,
      12,
      3,
      "LATENT"
    ],
    [
      69,
      19,
      0,
      12,
      2,
      "CONDITIONING"
    ],
    [
      70,
      16,
      0,
      12,
      1,
      "CONDITIONING"
    ],
    [
      71,
      14,
      0,
      12,
      0,
      "MODEL"
    ]
  ],
  "groups": [],
  "config": {},
  "extra": {},
  "version": 0.4
}